EmployeeID,EmployeeName,Gender,Age,Department,JobRole,Salary,Bonus,PerformanceRating,TrainingHours,AttendancePercent,LeaveDays,OvertimeHours,WorkMode,RecruitmentSource,JobSatisfaction,Attrition,AttritionFlag,AgeGroup,SalaryBand,AttendanceStatus,LeaveCategory
EMP0001,Employee_1,Male,33,Finance,Analyst,42103,13567,2,40,93.7,12,7,Hybrid,Agency,1,No,0,30-39,Low (<$70k),Good,Medium (5-15 days)
EMP0002,Employee_2,Female,37,Sales,Analyst,105901,14038,1,82,93.2,2,1,On-site,Referral,1,No,0,30-39,Medium ($70k-$120k),Good,Low (<5 days)
EMP0003,Employee_3,Female,45,Sales,Director,152314,12317,5,87,90.7,26,5,Remote,Referral,3,Yes,1,40-49,High (>$120k),Good,High (>15 days)
EMP0004,Employee_4,Female,40,Sales,Director,84535,2971,3,58,84,17,30,Remote,LinkedIn,4,No,0,40-49,Medium ($70k-$120k),Needs Attention,High (>15 days)
EMP0005,Employee_5,Male,29,IT,Analyst,56103,2017,2,11,85.1,19,9,Hybrid,Referral,4,No,0,<30 (Gen Z/Young Millennial),Low (<$70k),Good,High (>15 days)
EMP0006,Employee_6,Male,52,IT,Director,138046,2415,3,57,99.3,1,20,Remote,Agency,1,No,0,50+,High (>$120k),Excellent,Low (<5 days)
EMP0007,Employee_7,Male,42,HR,Manager,130012,19480,1,23,77.8,16,9,Remote,LinkedIn,3,No,0,40-49,High (>$120k),Needs Attention,High (>15 days)
EMP0008,Employee_8,Female,38,Sales,Specialist,118278,1609,3,68,81.7,27,22,On-site,Website,4,Yes,1,30-39,Medium ($70k-$120k),Needs Attention,High (>15 days)
EMP0009,Employee_9,Female,44,Finance,Specialist,52391,717,4,67,87.3,18,2,On-site,Agency,1,No,0,40-49,Low (<$70k),Good,High (>15 days)
EMP0010,Employee_10,Female,58,Finance,Specialist,142476,19945,3,67,95.9,22,31,Hybrid,Agency,3,No,0,50+,High (>$120k),Excellent,High (>15 days)
EMP0011,Employee_11,Male,37,Sales,Manager,68901,12662,3,60,79.1,12,19,Hybrid,LinkedIn,2,No,0,30-39,Low (<$70k),Needs Attention,Medium (5-15 days)
EMP0012,Employee_12,Female,27,Sales,Director,137537,6782,3,93,81.9,12,9,Hybrid,Website,3,No,0,<30 (Gen Z/Young Millennial),High (>$120k),Needs Attention,Medium (5-15 days)
EMP0013,Employee_13,Female,29,Sales,Executive,121159,1048,3,11,76.6,0,28,On-site,Agency,3,No,0,<30 (Gen Z/Young Millennial),High (>$120k),Needs Attention,Low (<5 days)
EMP0014,Employee_14,Male,46,IT,Director,107914,11618,4,50,92.6,1,33,Remote,Referral,5,No,0,40-49,Medium ($70k-$120k),Good,Low (<5 days)
EMP0015,Employee_15,Male,39,IT,Analyst,90357,8307,4,92,81,0,36,On-site,Agency,5,No,0,30-39,Medium ($70k-$120k),Needs Attention,Low (<5 days)
EMP0016,Employee_16,Male,46,IT,Specialist,126908,7905,1,91,84.7,23,19,On-site,LinkedIn,2,No,0,40-49,High (>$120k),Needs Attention,High (>15 days)
EMP0017,Employee_17,Male,33,Operations,Director,150335,9993,4,25,86.1,4,7,Remote,LinkedIn,2,No,0,30-39,High (>$120k),Good,Low (<5 days)
EMP0018,Employee_18,Female,36,Finance,Executive,78437,10338,3,13,97.3,23,6,Remote,LinkedIn,3,No,0,30-39,Medium ($70k-$120k),Excellent,High (>15 days)
EMP0019,Employee_19,Male,47,Finance,Analyst,75503,5578,5,21,85.3,2,5,Hybrid,Agency,4,No,0,40-49,Medium ($70k-$120k),Good,Low (<5 days)
EMP0020,Employee_20,Male,47,HR,Manager,136282,13834,3,38,78.6,28,10,Remote,Website,2,No,0,40-49,High (>$120k),Needs Attention,High (>15 days)
EMP0021,Employee_21,Female,53,IT,Manager,133459,18004,5,16,88.1,27,17,Remote,Referral,3,Yes,1,50+,High (>$120k),Good,High (>15 days)
EMP0022,Employee_22,Male,31,Operations,Executive,115403,6548,4,23,99.1,6,28,Remote,LinkedIn,1,No,0,30-39,Medium ($70k-$120k),Excellent,Medium (5-15 days)
EMP0023,Employee_23,Male,37,Operations,Analyst,81258,7381,3,21,90.2,23,24,Remote,Website,5,No,0,30-39,Medium ($70k-$120k),Good,High (>15 days)
EMP0024,Employee_24,Male,28,Finance,Specialist,73724,2941,3,14,99.6,21,20,Hybrid,Referral,4,No,0,<30 (Gen Z/Young Millennial),Medium ($70k-$120k),Excellent,High (>15 days)
EMP0025,Employee_25,Male,38,IT,Director,104286,5695,5,90,96,12,2,Hybrid,LinkedIn,3,No,0,30-39,Medium ($70k-$120k),Excellent,Medium (5-15 days)
EMP0026,Employee_26,Female,44,HR,Analyst,114842,6401,4,41,75.9,28,17,Remote,Referral,1,Yes,1,40-49,Medium ($70k-$120k),Needs Attention,High (>15 days)
EMP0027,Employee_27,Male,47,IT,Manager,144927,15179,2,83,91.5,22,23,Remote,Referral,5,No,0,40-49,High (>$120k),Good,High (>15 days)
EMP0028,Employee_28,Male,42,Sales,Executive,54908,14456,3,52,82.2,29,37,Hybrid,Website,1,No,0,40-49,Low (<$70k),Needs Attention,High (>15 days)
EMP0029,Employee_29,Female,43,IT,Executive,132617,13097,3,90,89,27,9,Hybrid,Referral,3,No,0,40-49,High (>$120k),Good,High (>15 days)
EMP0030,Employee_30,Male,28,Sales,Director,90626,6197,1,78,82,17,26,Remote,LinkedIn,2,No,0,<30 (Gen Z/Young Millennial),Medium ($70k-$120k),Needs Attention,High (>15 days)
EMP0031,Employee_31,Female,35,Sales,Executive,77228,5450,3,54,83.7,23,11,On-site,Website,5,No,0,30-39,Medium ($70k-$120k),Needs Attention,High (>15 days)
EMP0032,Employee_32,Male,36,HR,Executive,63386,17937,3,18,98.1,20,6,Hybrid,Agency,1,No,0,30-39,Low (<$70k),Excellent,High (>15 days)
EMP0033,Employee_33,Male,28,Finance,Analyst,86754,17396,4,58,80.2,6,16,Hybrid,Agency,2,No,0,<30 (Gen Z/Young Millennial),Medium ($70k-$120k),Needs Attention,Medium (5-15 days)
EMP0034,Employee_34,Female,30,IT,Specialist,150942,8378,3,42,96.9,0,0,Hybrid,Website,4,Yes,1,30-39,High (>$120k),Excellent,Low (<5 days)
EMP0035,Employee_35,Female,29,Sales,Director,68302,1881,4,27,75.8,4,25,Remote,Agency,3,No,0,<30 (Gen Z/Young Millennial),Low (<$70k),Needs Attention,Low (<5 days)
EMP0036,Employee_36,Female,44,IT,Analyst,100815,6799,1,18,77.3,16,14,Remote,Referral,3,No,0,40-49,Medium ($70k-$120k),Needs Attention,High (>15 days)
EMP0037,Employee_37,Male,50,Finance,Specialist,124748,14597,3,71,96.4,27,32,Hybrid,LinkedIn,5,No,0,50+,High (>$120k),Excellent,High (>15 days)
EMP0038,Employee_38,Male,39,Finance,Analyst,103344,13675,3,66,90.8,28,36,Remote,Referral,1,No,0,30-39,Medium ($70k-$120k),Good,High (>15 days)
EMP0039,Employee_39,Female,52,Operations,Analyst,75618,4586,3,38,93.7,7,30,Remote,Website,4,Yes,1,50+,Medium ($70k-$120k),Good,Medium (5-15 days)
EMP0040,Employee_40,Male,51,Finance,Executive,151603,8430,2,87,80.2,14,34,Hybrid,LinkedIn,5,No,0,50+,High (>$120k),Needs Attention,Medium (5-15 days)
EMP0041,Employee_41,Male,56,HR,Specialist,116234,2345,3,34,88.4,19,0,Remote,Website,5,Yes,1,50+,Medium ($70k-$120k),Good,High (>15 days)
EMP0042,Employee_42,Male,39,Sales,Director,101114,16459,3,24,93.4,3,7,On-site,Website,1,No,0,30-39,Medium ($70k-$120k),Good,Low (<5 days)
EMP0043,Employee_43,Male,38,Operations,Director,157652,9548,3,15,90.7,1,11,Remote,Website,4,Yes,1,30-39,High (>$120k),Good,Low (<5 days)
EMP0044,Employee_44,Female,35,HR,Specialist,110130,5877,3,51,86.8,4,18,Remote,Referral,1,No,0,30-39,Medium ($70k-$120k),Good,Low (<5 days)
EMP0045,Employee_45,Male,52,IT,Executive,65525,6785,3,38,99,0,24,Hybrid,LinkedIn,3,No,0,50+,Low (<$70k),Excellent,Low (<5 days)
EMP0046,Employee_46,Female,45,Sales,Manager,119818,15833,4,88,91.9,24,31,Hybrid,LinkedIn,2,No,0,40-49,Medium ($70k-$120k),Good,High (>15 days)
EMP0047,Employee_47,Male,56,Finance,Analyst,154589,4922,4,13,97.7,4,11,On-site,LinkedIn,3,Yes,1,50+,High (>$120k),Excellent,Low (<5 days)
EMP0048,Employee_48,Female,55,Sales,Executive,54334,18714,3,91,93.2,5,12,Remote,Referral,3,No,0,50+,Low (<$70k),Good,Low (<5 days)
EMP0049,Employee_49,Female,24,IT,Specialist,134715,4686,3,66,93.4,1,27,On-site,Agency,5,No,0,<30 (Gen Z/Young Millennial),High (>$120k),Good,Low (<5 days)
EMP0050,Employee_50,Male,58,Operations,Analyst,102767,14407,2,58,77,25,0,On-site,Referral,3,No,0,50+,Medium ($70k-$120k),Needs Attention,High (>15 days)
EMP0051,Employee_51,Female,47,Operations,Director,46644,18286,5,53,84,25,5,Hybrid,Referral,4,No,0,40-49,Low (<$70k),Needs Attention,High (>15 days)
EMP0052,Employee_52,Female,44,Operations,Manager,141154,12205,2,89,96.5,0,7,Remote,Website,3,No,0,40-49,High (>$120k),Excellent,Low (<5 days)
EMP0053,Employee_53,Female,36,Finance,Director,153237,13179,3,84,80.8,3,3,Hybrid,LinkedIn,4,No,0,30-39,High (>$120k),Needs Attention,Low (<5 days)
EMP0054,Employee_54,Female,25,HR,Specialist,72933,18443,3,23,77.9,6,4,On-site,LinkedIn,1,No,0,<30 (Gen Z/Young Millennial),Medium ($70k-$120k),Needs Attention,Medium (5-15 days)
EMP0055,Employee_55,Female,50,HR,Analyst,83469,16524,3,12,83.2,21,24,On-site,Agency,5,Yes,1,50+,Medium ($70k-$120k),Needs Attention,High (>15 days)
EMP0056,Employee_56,Female,43,Sales,Specialist,73687,18173,3,71,80.5,25,21,Hybrid,Agency,4,No,0,40-49,Medium ($70k-$120k),Needs Attention,High (>15 days)
EMP0057,Employee_57,Male,46,Finance,Analyst,146609,16,4,73,98.1,0,27,Hybrid,Website,3,No,0,40-49,High (>$120k),Excellent,Low (<5 days)
EMP0058,Employee_58,Male,34,Operations,Executive,92656,13374,2,54,96.7,0,38,Hybrid,LinkedIn,5,Yes,1,30-39,Medium ($70k-$120k),Excellent,Low (<5 days)
EMP0059,Employee_59,Male,39,Operations,Manager,57375,16848,3,91,87.5,7,22,Hybrid,Agency,5,No,0,30-39,Low (<$70k),Good,Medium (5-15 days)
EMP0060,Employee_60,Male,54,IT,Executive,154019,18211,2,67,76.5,19,3,Hybrid,Agency,4,No,0,50+,High (>$120k),Needs Attention,High (>15 days)
EMP0061,Employee_61,Male,37,IT,Executive,105206,5956,2,29,92.9,15,3,On-site,LinkedIn,4,No,0,30-39,Medium ($70k-$120k),Good,Medium (5-15 days)
EMP0062,Employee_62,Male,23,Operations,Specialist,136462,16473,4,67,90.6,20,20,Hybrid,Referral,2,No,0,<30 (Gen Z/Young Millennial),High (>$120k),Good,High (>15 days)
EMP0063,Employee_63,Female,56,Operations,Manager,76607,4815,3,98,99.3,12,36,Remote,Agency,2,Yes,1,50+,Medium ($70k-$120k),Excellent,Medium (5-15 days)
EMP0064,Employee_64,Male,55,Finance,Analyst,123178,19235,4,66,89,22,1,On-site,LinkedIn,5,No,0,50+,High (>$120k),Good,High (>15 days)
EMP0065,Employee_65,Male,51,HR,Analyst,63993,2843,3,86,83.4,23,6,On-site,Agency,2,No,0,50+,Low (<$70k),Needs Attention,High (>15 days)
EMP0066,Employee_66,Female,34,IT,Director,84386,15972,2,77,88,25,15,Remote,Website,3,Yes,1,30-39,Medium ($70k-$120k),Good,High (>15 days)
EMP0067,Employee_67,Male,34,HR,Analyst,86287,17353,5,87,99.5,22,16,Remote,Agency,1,No,0,30-39,Medium ($70k-$120k),Excellent,High (>15 days)
EMP0068,Employee_68,Female,39,Finance,Specialist,126724,1094,3,61,92.4,17,19,On-site,LinkedIn,5,Yes,1,30-39,High (>$120k),Good,High (>15 days)
EMP0069,Employee_69,Male,53,Operations,Executive,138132,6124,4,46,91.8,29,22,Hybrid,Agency,1,No,0,50+,High (>$120k),Good,High (>15 days)
EMP0070,Employee_70,Non-Binary,53,HR,Executive,133308,19579,3,17,81,19,33,On-site,Website,2,No,0,50+,High (>$120k),Needs Attention,High (>15 days)
EMP0071,Employee_71,Female,56,Operations,Executive,136393,1404,4,53,93.6,9,10,On-site,Website,4,No,0,50+,High (>$120k),Good,Medium (5-15 days)
EMP0072,Employee_72,Male,50,Operations,Manager,116312,3982,1,14,93.8,11,33,Remote,Agency,5,Yes,1,50+,Medium ($70k-$120k),Good,Medium (5-15 days)
EMP0073,Employee_73,Male,50,Sales,Analyst,138371,12515,3,78,82.9,0,32,On-site,Agency,2,Yes,1,50+,High (>$120k),Needs Attention,Low (<5 days)
EMP0074,Employee_74,Female,37,HR,Specialist,115324,15790,4,40,87.1,9,25,Hybrid,Website,3,No,0,30-39,Medium ($70k-$120k),Good,Medium (5-15 days)
EMP0075,Employee_75,Female,31,HR,Manager,111196,12205,4,54,82.4,8,1,Remote,Website,5,Yes,1,30-39,Medium ($70k-$120k),Needs Attention,Medium (5-15 days)
EMP0076,Employee_76,Female,51,Operations,Director,110014,12748,4,18,81.5,2,22,On-site,Referral,5,No,0,50+,Medium ($70k-$120k),Needs Attention,Low (<5 days)
EMP0077,Employee_77,Female,46,Finance,Specialist,48210,3092,4,41,75.6,27,21,On-site,Referral,4,No,0,40-49,Low (<$70k),Needs Attention,High (>15 days)
EMP0078,Employee_78,Male,41,Sales,Specialist,50922,13971,4,42,82.1,18,33,Hybrid,Website,5,No,0,40-49,Low (<$70k),Needs Attention,High (>15 days)
EMP0079,Employee_79,Male,26,Operations,Specialist,76289,14616,3,76,88.8,25,14,On-site,Agency,4,No,0,<30 (Gen Z/Young Millennial),Medium ($70k-$120k),Good,High (>15 days)
EMP0080,Employee_80,Male,22,IT,Executive,73340,4933,3,39,75,8,9,On-site,LinkedIn,2,No,0,<30 (Gen Z/Young Millennial),Medium ($70k-$120k),Needs Attention,Medium (5-15 days)
EMP0081,Employee_81,Female,51,IT,Specialist,79850,4926,3,85,82.1,9,14,On-site,Agency,3,No,0,50+,Medium ($70k-$120k),Needs Attention,Medium (5-15 days)
EMP0082,Employee_82,Female,24,Sales,Analyst,96984,3969,3,38,97,18,28,On-site,Agency,3,No,0,<30 (Gen Z/Young Millennial),Medium ($70k-$120k),Excellent,High (>15 days)
EMP0083,Employee_83,Male,35,Finance,Specialist,143699,2965,3,12,89.8,15,22,Hybrid,Referral,5,No,0,30-39,High (>$120k),Good,Medium (5-15 days)
EMP0084,Employee_84,Male,51,Operations,Executive,153711,4319,3,99,90.2,23,16,On-site,Referral,5,No,0,50+,High (>$120k),Good,High (>15 days)
EMP0085,Employee_85,Male,25,HR,Specialist,124178,8975,3,66,85.1,17,8,On-site,Referral,2,No,0,<30 (Gen Z/Young Millennial),High (>$120k),Good,High (>15 days)
EMP0086,Employee_86,Male,39,Sales,Director,51094,7108,3,39,91.9,13,35,On-site,Website,4,No,0,30-39,Low (<$70k),Good,Medium (5-15 days)
EMP0087,Employee_87,Female,58,Finance,Director,127959,9141,3,18,79.7,28,8,Remote,Website,3,Yes,1,50+,High (>$120k),Needs Attention,High (>15 days)
EMP0088,Employee_88,Female,46,HR,Executive,73418,16428,3,35,95.5,2,15,Hybrid,Agency,4,No,0,40-49,Medium ($70k-$120k),Excellent,Low (<5 days)
EMP0089,Employee_89,Female,22,IT,Analyst,45741,1810,3,11,77.9,1,35,Remote,Agency,2,No,0,<30 (Gen Z/Young Millennial),Low (<$70k),Needs Attention,Low (<5 days)
EMP0090,Employee_90,Male,36,IT,Analyst,151585,10273,4,71,91.4,0,32,Remote,LinkedIn,3,No,0,30-39,High (>$120k),Good,Low (<5 days)
EMP0091,Employee_91,Male,30,HR,Manager,112374,9021,3,12,83.5,17,30,Hybrid,Agency,3,No,0,30-39,Medium ($70k-$120k),Needs Attention,High (>15 days)
EMP0092,Employee_92,Female,36,Sales,Executive,157275,18293,3,55,93.7,23,5,Remote,Agency,1,Yes,1,30-39,High (>$120k),Good,High (>15 days)
EMP0093,Employee_93,Female,45,IT,Specialist,108798,6364,3,77,88.7,8,9,Remote,Referral,2,Yes,1,40-49,Medium ($70k-$120k),Good,Medium (5-15 days)
EMP0094,Employee_94,Female,25,Operations,Executive,156026,2581,3,34,86.3,12,15,Remote,Referral,2,No,0,<30 (Gen Z/Young Millennial),High (>$120k),Good,Medium (5-15 days)
EMP0095,Employee_95,Female,33,HR,Manager,110532,691,2,60,79.2,1,3,Hybrid,Referral,1,No,0,30-39,Medium ($70k-$120k),Needs Attention,Low (<5 days)
EMP0096,Employee_96,Male,58,HR,Executive,150130,931,3,22,90.9,6,21,On-site,Referral,4,No,0,50+,High (>$120k),Good,Medium (5-15 days)
EMP0097,Employee_97,Female,58,IT,Executive,62164,13128,3,53,99.4,15,12,Hybrid,Referral,1,No,0,50+,Low (<$70k),Excellent,Medium (5-15 days)
EMP0098,Employee_98,Male,27,Sales,Manager,75595,14226,1,44,95.6,20,15,Hybrid,LinkedIn,2,No,0,<30 (Gen Z/Young Millennial),Medium ($70k-$120k),Excellent,High (>15 days)
EMP0099,Employee_99,Male,45,Operations,Analyst,70257,13861,3,64,76.5,18,28,Hybrid,LinkedIn,4,No,0,40-49,Medium ($70k-$120k),Needs Attention,High (>15 days)
EMP0100,Employee_100,Male,32,Sales,Specialist,54211,15475,5,96,84.4,24,5,Remote,LinkedIn,3,Yes,1,30-39,Low (<$70k),Needs Attention,High (>15 days)
EMP0101,Employee_101,Male,34,Finance,Manager,135989,3406,5,18,98.1,14,25,On-site,Referral,1,No,0,30-39,High (>$120k),Excellent,Medium (5-15 days)
EMP0102,Employee_102,Female,55,Finance,Director,45232,8339,3,11,87.6,21,10,Hybrid,Website,4,No,0,50+,Low (<$70k),Good,High (>15 days)
EMP0103,Employee_103,Male,46,IT,Analyst,107753,17416,1,70,91.6,10,23,Hybrid,Referral,4,No,0,40-49,Medium ($70k-$120k),Good,Medium (5-15 days)
EMP0104,Employee_104,Male,28,IT,Director,92691,17695,3,50,97.8,0,28,On-site,Referral,4,No,0,<30 (Gen Z/Young Millennial),Medium ($70k-$120k),Excellent,Low (<5 days)
EMP0105,Employee_105,Female,25,IT,Analyst,129765,8579,3,53,96.8,20,2,On-site,LinkedIn,1,No,0,<30 (Gen Z/Young Millennial),High (>$120k),Excellent,High (>15 days)
EMP0106,Employee_106,Male,29,Finance,Specialist,119768,3121,4,73,87.5,6,9,On-site,Referral,3,No,0,<30 (Gen Z/Young Millennial),Medium ($70k-$120k),Good,Medium (5-15 days)
EMP0107,Employee_107,Male,41,Sales,Specialist,65613,18257,2,40,85.9,19,0,Remote,LinkedIn,4,No,0,40-49,Low (<$70k),Good,High (>15 days)
EMP0108,Employee_108,Female,50,Sales,Executive,54026,15946,4,56,83.5,7,25,On-site,Referral,1,No,0,50+,Low (<$70k),Needs Attention,Medium (5-15 days)
EMP0109,Employee_109,Male,31,IT,Director,93535,3748,2,11,93,9,11,Remote,Agency,2,No,0,30-39,Medium ($70k-$120k),Good,Medium (5-15 days)
EMP0110,Employee_110,Male,55,Operations,Analyst,134090,277,5,91,82.2,4,13,Hybrid,Website,1,No,0,50+,High (>$120k),Needs Attention,Low (<5 days)
EMP0111,Employee_111,Male,47,Sales,Specialist,70908,18243,3,86,81.2,8,24,Remote,Website,1,No,0,40-49,Medium ($70k-$120k),Needs Attention,Medium (5-15 days)
EMP0112,Employee_112,Male,24,Finance,Manager,92113,11563,4,78,83.9,24,7,On-site,LinkedIn,1,No,0,<30 (Gen Z/Young Millennial),Medium ($70k-$120k),Needs Attention,High (>15 days)
EMP0113,Employee_113,Female,27,HR,Specialist,59610,6792,3,67,79.4,24,3,Remote,Agency,4,No,0,<30 (Gen Z/Young Millennial),Low (<$70k),Needs Attention,High (>15 days)
EMP0114,Employee_114,Female,26,HR,Manager,86646,13918,3,53,92.4,0,27,On-site,Website,1,No,0,<30 (Gen Z/Young Millennial),Medium ($70k-$120k),Good,Low (<5 days)
EMP0115,Employee_115,Female,26,HR,Analyst,145141,10374,3,83,90.4,1,6,Remote,LinkedIn,2,Yes,1,<30 (Gen Z/Young Millennial),High (>$120k),Good,Low (<5 days)
EMP0116,Employee_116,Female,44,Operations,Specialist,103185,4675,2,65,87.1,18,9,Hybrid,Referral,4,Yes,1,40-49,Medium ($70k-$120k),Good,High (>15 days)
EMP0117,Employee_117,Female,30,IT,Specialist,112567,1170,4,52,84.8,13,35,Remote,Referral,2,No,0,30-39,Medium ($70k-$120k),Needs Attention,Medium (5-15 days)
EMP0118,Employee_118,Male,56,Finance,Analyst,87574,8681,4,98,97.7,19,1,Hybrid,Agency,5,No,0,50+,Medium ($70k-$120k),Excellent,High (>15 days)
EMP0119,Employee_119,Female,41,Operations,Specialist,131051,10717,4,43,75.7,9,25,On-site,Website,1,No,0,40-49,High (>$120k),Needs Attention,Medium (5-15 days)
EMP0120,Employee_120,Female,56,Finance,Manager,142020,12450,3,39,94.2,8,13,Hybrid,Referral,4,No,0,50+,High (>$120k),Good,Medium (5-15 days)
EMP0121,Employee_121,Female,39,Finance,Specialist,76182,10680,4,80,97.5,9,15,On-site,LinkedIn,4,No,0,30-39,Medium ($70k-$120k),Excellent,Medium (5-15 days)
EMP0122,Employee_122,Female,38,IT,Director,156136,10068,2,79,86.2,28,16,On-site,Referral,1,No,0,30-39,High (>$120k),Good,High (>15 days)
EMP0123,Employee_123,Male,45,HR,Executive,40570,2462,3,64,88.8,5,21,Hybrid,Referral,3,Yes,1,40-49,Low (<$70k),Good,Low (<5 days)
EMP0124,Employee_124,Male,24,IT,Manager,137790,13650,3,76,98.6,16,3,Hybrid,Website,3,No,0,<30 (Gen Z/Young Millennial),High (>$120k),Excellent,High (>15 days)
EMP0125,Employee_125,Male,53,Operations,Director,59288,287,3,22,80.3,27,18,Remote,Website,2,No,0,50+,Low (<$70k),Needs Attention,High (>15 days)
EMP0126,Employee_126,Male,56,Operations,Analyst,118824,18291,3,12,88,24,1,Remote,LinkedIn,1,No,0,50+,Medium ($70k-$120k),Good,High (>15 days)
EMP0127,Employee_127,Female,59,Operations,Manager,69877,1161,2,35,86.9,5,38,Hybrid,Agency,1,Yes,1,50+,Low (<$70k),Good,Low (<5 days)
EMP0128,Employee_128,Female,34,IT,Executive,124425,16513,3,66,81.5,3,8,Hybrid,Agency,5,No,0,30-39,High (>$120k),Needs Attention,Low (<5 days)
EMP0129,Employee_129,Male,46,Finance,Executive,40917,2363,4,33,95.5,29,18,Hybrid,Referral,3,No,0,40-49,Low (<$70k),Excellent,High (>15 days)
EMP0130,Employee_130,Male,30,Finance,Analyst,115602,5983,3,62,97.5,19,15,Hybrid,LinkedIn,3,Yes,1,30-39,Medium ($70k-$120k),Excellent,High (>15 days)
EMP0131,Employee_131,Male,25,Sales,Analyst,135040,16527,2,79,94.5,2,24,On-site,Agency,1,No,0,<30 (Gen Z/Young Millennial),High (>$120k),Good,Low (<5 days)
EMP0132,Employee_132,Male,35,Operations,Manager,104575,8207,3,52,79.9,22,17,Hybrid,Agency,2,No,0,30-39,Medium ($70k-$120k),Needs Attention,High (>15 days)
EMP0133,Employee_133,Male,58,Finance,Specialist,112518,14758,3,69,77.2,18,22,Hybrid,Referral,1,No,0,50+,Medium ($70k-$120k),Needs Attention,High (>15 days)
EMP0134,Employee_134,Male,55,Sales,Analyst,79104,244,3,67,90.1,17,20,Hybrid,LinkedIn,2,No,0,50+,Medium ($70k-$120k),Good,High (>15 days)
EMP0135,Employee_135,Female,32,Finance,Specialist,58062,17310,3,58,76.4,25,10,Hybrid,Agency,3,No,0,30-39,Low (<$70k),Needs Attention,High (>15 days)
EMP0136,Employee_136,Male,24,Operations,Director,56999,3178,3,51,91.8,23,38,On-site,Website,5,No,0,<30 (Gen Z/Young Millennial),Low (<$70k),Good,High (>15 days)
EMP0137,Employee_137,Male,49,HR,Executive,101845,2176,3,85,88.3,3,3,Remote,Website,4,No,0,40-49,Medium ($70k-$120k),Good,Low (<5 days)
EMP0138,Employee_138,Female,50,Operations,Specialist,49941,5002,3,75,91.6,7,24,Remote,Referral,3,No,0,50+,Low (<$70k),Good,Medium (5-15 days)
EMP0139,Employee_139,Male,30,IT,Executive,101169,886,4,20,89.8,16,31,Remote,Referral,2,No,0,30-39,Medium ($70k-$120k),Good,High (>15 days)
EMP0140,Employee_140,Non-Binary,24,Finance,Specialist,63470,19782,3,99,85.6,4,29,Remote,Referral,1,No,0,<30 (Gen Z/Young Millennial),Low (<$70k),Good,Low (<5 days)
EMP0141,Employee_141,Female,46,Finance,Director,150684,13721,3,27,80,12,25,Remote,Referral,3,No,0,40-49,High (>$120k),Needs Attention,Medium (5-15 days)
EMP0142,Employee_142,Male,55,IT,Analyst,99821,12142,4,94,82.6,24,35,On-site,Agency,5,Yes,1,50+,Medium ($70k-$120k),Needs Attention,High (>15 days)
EMP0143,Employee_143,Male,33,IT,Director,126669,2654,3,61,88.1,0,33,Remote,LinkedIn,2,Yes,1,30-39,High (>$120k),Good,Low (<5 days)
EMP0144,Employee_144,Male,30,HR,Analyst,158193,11984,2,55,91.3,26,8,On-site,Referral,1,No,0,30-39,High (>$120k),Good,High (>15 days)
EMP0145,Employee_145,Male,36,Finance,Analyst,84435,17755,4,53,94.5,12,11,On-site,Referral,4,No,0,30-39,Medium ($70k-$120k),Good,Medium (5-15 days)
EMP0146,Employee_146,Male,46,Finance,Executive,44529,7135,3,31,94.2,3,1,Remote,Agency,2,No,0,40-49,Low (<$70k),Good,Low (<5 days)
EMP0147,Employee_147,Female,26,HR,Director,123055,320,3,62,99.3,21,37,Remote,Referral,1,No,0,<30 (Gen Z/Young Millennial),High (>$120k),Excellent,High (>15 days)
EMP0148,Employee_148,Male,32,Sales,Specialist,52192,4654,1,68,82.1,25,4,Remote,Referral,4,No,0,30-39,Low (<$70k),Needs Attention,High (>15 days)
EMP0149,Employee_149,Male,55,HR,Director,114102,16131,3,39,76.8,23,4,Hybrid,LinkedIn,1,No,0,50+,Medium ($70k-$120k),Needs Attention,High (>15 days)
EMP0150,Employee_150,Male,45,Operations,Executive,112762,10770,3,17,83.6,13,21,On-site,Website,4,No,0,40-49,Medium ($70k-$120k),Needs Attention,Medium (5-15 days)
EMP0151,Employee_151,Female,36,Finance,Analyst,143466,6553,2,66,93.6,2,4,Remote,Referral,4,No,0,30-39,High (>$120k),Good,Low (<5 days)
EMP0152,Employee_152,Male,59,IT,Executive,154894,11559,3,82,86,4,3,Hybrid,Agency,4,No,0,50+,High (>$120k),Good,Low (<5 days)
EMP0153,Employee_153,Male,29,Operations,Manager,126795,9009,3,29,95.4,6,8,On-site,LinkedIn,1,No,0,<30 (Gen Z/Young Millennial),High (>$120k),Excellent,Medium (5-15 days)
EMP0154,Employee_154,Male,26,Finance,Manager,74087,13482,3,34,88.7,0,28,Hybrid,Agency,4,No,0,<30 (Gen Z/Young Millennial),Medium ($70k-$120k),Good,Low (<5 days)
EMP0155,Employee_155,Non-Binary,47,HR,Specialist,106677,7498,2,28,98.2,22,21,Hybrid,LinkedIn,2,No,0,40-49,Medium ($70k-$120k),Excellent,High (>15 days)
EMP0156,Employee_156,Male,39,Operations,Executive,44627,6636,2,14,98.7,28,26,Remote,LinkedIn,5,No,0,30-39,Low (<$70k),Excellent,High (>15 days)
EMP0157,Employee_157,Female,27,Finance,Specialist,96541,7362,3,84,76.7,11,9,On-site,Referral,5,No,0,<30 (Gen Z/Young Millennial),Medium ($70k-$120k),Needs Attention,Medium (5-15 days)
EMP0158,Employee_158,Female,58,Sales,Specialist,152805,16395,2,88,86.4,10,15,Hybrid,Referral,4,No,0,50+,High (>$120k),Good,Medium (5-15 days)
EMP0159,Employee_159,Male,34,Sales,Manager,108226,16578,4,81,90.2,23,9,On-site,Referral,5,No,0,30-39,Medium ($70k-$120k),Good,High (>15 days)
EMP0160,Employee_160,Female,49,IT,Specialist,145627,2537,1,92,81.4,7,5,Remote,Website,5,No,0,40-49,High (>$120k),Needs Attention,Medium (5-15 days)
EMP0161,Employee_161,Male,26,Finance,Manager,43255,19226,3,96,85.2,24,4,On-site,Website,4,No,0,<30 (Gen Z/Young Millennial),Low (<$70k),Good,High (>15 days)
EMP0162,Employee_162,Female,34,Sales,Analyst,97433,15216,2,36,91.9,5,5,Hybrid,Agency,4,No,0,30-39,Medium ($70k-$120k),Good,Low (<5 days)
EMP0163,Employee_163,Female,38,HR,Executive,45213,18613,3,49,80.7,27,24,Hybrid,Referral,2,Yes,1,30-39,Low (<$70k),Needs Attention,High (>15 days)
EMP0164,Employee_164,Female,53,Finance,Specialist,142412,3009,4,35,90,21,3,On-site,Website,3,Yes,1,50+,High (>$120k),Good,High (>15 days)
EMP0165,Employee_165,Male,50,HR,Manager,59404,14209,3,36,92.4,1,39,Hybrid,Referral,1,No,0,50+,Low (<$70k),Good,Low (<5 days)
EMP0166,Employee_166,Female,24,HR,Director,156545,15675,5,71,77.3,18,31,Hybrid,Website,4,No,0,<30 (Gen Z/Young Millennial),High (>$120k),Needs Attention,High (>15 days)
EMP0167,Employee_167,Male,55,Sales,Specialist,65380,15029,3,92,87.4,19,34,Hybrid,Website,4,No,0,50+,Low (<$70k),Good,High (>15 days)
EMP0168,Employee_168,Male,48,Finance,Analyst,131056,2077,3,59,81.6,19,9,Remote,LinkedIn,5,No,0,40-49,High (>$120k),Needs Attention,High (>15 days)
EMP0169,Employee_169,Male,34,Operations,Analyst,59173,13907,3,51,93.1,23,33,Remote,Referral,2,No,0,30-39,Low (<$70k),Good,High (>15 days)
EMP0170,Employee_170,Female,54,Sales,Director,93027,3867,4,38,79.7,13,35,Hybrid,Referral,5,No,0,50+,Medium ($70k-$120k),Needs Attention,Medium (5-15 days)
EMP0171,Employee_171,Female,27,Sales,Manager,63989,16152,3,48,97.3,0,5,On-site,Website,4,No,0,<30 (Gen Z/Young Millennial),Low (<$70k),Excellent,Low (<5 days)
EMP0172,Employee_172,Male,45,Finance,Specialist,148106,4873,3,69,85.8,9,15,Remote,Referral,4,No,0,40-49,High (>$120k),Good,Medium (5-15 days)
EMP0173,Employee_173,Male,40,Finance,Manager,64519,8635,3,50,80,15,18,On-site,Website,5,No,0,40-49,Low (<$70k),Needs Attention,Medium (5-15 days)
EMP0174,Employee_174,Male,37,HR,Analyst,62439,297,3,42,86,29,33,Hybrid,Referral,4,No,0,30-39,Low (<$70k),Good,High (>15 days)
EMP0175,Employee_175,Female,49,Finance,Manager,158570,13095,4,92,85.2,3,24,Hybrid,LinkedIn,3,No,0,40-49,High (>$120k),Good,Low (<5 days)
EMP0176,Employee_176,Male,54,HR,Analyst,116949,9036,3,92,85.7,26,30,On-site,Referral,1,No,0,50+,Medium ($70k-$120k),Good,High (>15 days)
EMP0177,Employee_177,Female,34,Sales,Manager,54995,1015,3,25,89.6,27,16,Remote,LinkedIn,1,No,0,30-39,Low (<$70k),Good,High (>15 days)
EMP0178,Employee_178,Male,46,IT,Director,63559,1384,4,32,88,28,29,On-site,Agency,1,Yes,1,40-49,Low (<$70k),Good,High (>15 days)
EMP0179,Employee_179,Female,57,Operations,Executive,150887,8745,3,16,78.7,10,38,On-site,Referral,3,No,0,50+,High (>$120k),Needs Attention,Medium (5-15 days)
EMP0180,Employee_180,Male,48,Sales,Director,129049,18734,5,35,76.6,15,30,Hybrid,Referral,4,No,0,40-49,High (>$120k),Needs Attention,Medium (5-15 days)
EMP0181,Employee_181,Male,59,Finance,Director,45021,17653,3,21,93.2,26,18,Remote,Referral,5,Yes,1,50+,Low (<$70k),Good,High (>15 days)
EMP0182,Employee_182,Male,28,Operations,Executive,138000,1260,3,81,89,19,34,On-site,LinkedIn,2,No,0,<30 (Gen Z/Young Millennial),High (>$120k),Good,High (>15 days)
EMP0183,Employee_183,Female,26,IT,Executive,61119,7701,4,14,84,0,28,Remote,Referral,4,No,0,<30 (Gen Z/Young Millennial),Low (<$70k),Needs Attention,Low (<5 days)
EMP0184,Employee_184,Female,52,IT,Specialist,91539,10401,1,78,95.2,15,0,Hybrid,Referral,3,No,0,50+,Medium ($70k-$120k),Excellent,Medium (5-15 days)
EMP0185,Employee_185,Male,44,HR,Specialist,134835,15519,3,58,84.7,18,3,Remote,Website,3,No,0,40-49,High (>$120k),Needs Attention,High (>15 days)
EMP0186,Employee_186,Female,31,Operations,Director,79350,11864,3,35,94.9,20,27,Hybrid,Agency,1,No,0,30-39,Medium ($70k-$120k),Good,High (>15 days)
EMP0187,Employee_187,Female,53,HR,Director,86223,15681,3,14,82.6,21,17,Remote,LinkedIn,4,No,0,50+,Medium ($70k-$120k),Needs Attention,High (>15 days)
EMP0188,Employee_188,Female,51,Sales,Analyst,65517,5543,3,31,76.8,8,25,On-site,Website,1,No,0,50+,Low (<$70k),Needs Attention,Medium (5-15 days)
EMP0189,Employee_189,Female,52,Operations,Analyst,118653,18265,4,88,98.3,8,39,Hybrid,LinkedIn,2,No,0,50+,Medium ($70k-$120k),Excellent,Medium (5-15 days)
EMP0190,Employee_190,Male,39,Sales,Specialist,62250,12488,3,22,84.9,8,18,On-site,Website,1,No,0,30-39,Low (<$70k),Needs Attention,Medium (5-15 days)
EMP0191,Employee_191,Male,57,HR,Specialist,124486,10079,3,37,94.8,26,5,Hybrid,Agency,2,No,0,50+,High (>$120k),Good,High (>15 days)
EMP0192,Employee_192,Female,23,Operations,Analyst,122895,10744,5,42,82,16,0,Remote,Website,3,No,0,<30 (Gen Z/Young Millennial),High (>$120k),Needs Attention,High (>15 days)
EMP0193,Employee_193,Female,35,HR,Analyst,129132,3809,3,32,91.2,11,7,Remote,LinkedIn,1,No,0,30-39,High (>$120k),Good,Medium (5-15 days)
EMP0194,Employee_194,Female,34,Operations,Manager,131066,7206,3,27,96.8,24,32,Hybrid,Referral,1,No,0,30-39,High (>$120k),Excellent,High (>15 days)
EMP0195,Employee_195,Male,50,HR,Manager,106798,13746,3,39,76,12,20,Hybrid,Referral,5,No,0,50+,Medium ($70k-$120k),Needs Attention,Medium (5-15 days)
EMP0196,Employee_196,Male,33,IT,Analyst,94199,15995,4,35,95.8,7,23,Hybrid,Agency,3,No,0,30-39,Medium ($70k-$120k),Excellent,Medium (5-15 days)
EMP0197,Employee_197,Female,23,HR,Manager,99546,16035,3,25,89.3,15,24,Remote,LinkedIn,5,No,0,<30 (Gen Z/Young Millennial),Medium ($70k-$120k),Good,Medium (5-15 days)
EMP0198,Employee_198,Female,53,IT,Executive,145686,11671,4,86,90.2,17,18,Hybrid,LinkedIn,2,Yes,1,50+,High (>$120k),Good,High (>15 days)
EMP0199,Employee_199,Female,34,HR,Specialist,128151,13210,4,48,88.1,28,28,Hybrid,LinkedIn,2,No,0,30-39,High (>$120k),Good,High (>15 days)
EMP0200,Employee_200,Female,48,Operations,Specialist,43327,17793,3,42,96.9,26,9,On-site,Agency,3,No,0,40-49,Low (<$70k),Excellent,High (>15 days)
EMP0201,Employee_201,Female,38,Operations,Analyst,69768,5197,3,35,76.1,0,11,Hybrid,Referral,2,No,0,30-39,Low (<$70k),Needs Attention,Low (<5 days)
EMP0202,Employee_202,Male,52,Operations,Director,104418,15553,4,57,81.5,0,32,On-site,Website,3,No,0,50+,Medium ($70k-$120k),Needs Attention,Low (<5 days)
EMP0203,Employee_203,Male,55,Finance,Analyst,134386,7452,3,74,96.9,11,6,On-site,Agency,2,Yes,1,50+,High (>$120k),Excellent,Medium (5-15 days)
EMP0204,Employee_204,Female,45,Sales,Manager,156947,8718,4,47,93.8,5,16,On-site,Website,4,No,0,40-49,High (>$120k),Good,Low (<5 days)
EMP0205,Employee_205,Female,56,Operations,Director,82788,14859,4,11,75.4,8,9,Remote,Referral,1,No,0,50+,Medium ($70k-$120k),Needs Attention,Medium (5-15 days)
EMP0206,Employee_206,Male,27,IT,Manager,155945,2172,3,15,87.9,22,30,On-site,Agency,4,Yes,1,<30 (Gen Z/Young Millennial),High (>$120k),Good,High (>15 days)
EMP0207,Employee_207,Male,40,Operations,Executive,122384,13158,3,55,88.2,4,5,Hybrid,Referral,3,No,0,40-49,High (>$120k),Good,Low (<5 days)
EMP0208,Employee_208,Female,51,Finance,Manager,86830,16663,4,59,85,26,16,Remote,Website,3,Yes,1,50+,Medium ($70k-$120k),Good,High (>15 days)
EMP0209,Employee_209,Male,28,IT,Executive,92446,19053,4,47,82.4,15,36,Remote,LinkedIn,4,No,0,<30 (Gen Z/Young Millennial),Medium ($70k-$120k),Needs Attention,Medium (5-15 days)
EMP0210,Employee_210,Male,31,Finance,Executive,145078,11085,3,97,92,17,17,Remote,LinkedIn,1,No,0,30-39,High (>$120k),Good,High (>15 days)
EMP0211,Employee_211,Female,53,IT,Manager,55160,3981,2,27,80.2,16,25,Remote,Website,1,No,0,50+,Low (<$70k),Needs Attention,High (>15 days)
EMP0212,Employee_212,Female,55,HR,Manager,96583,5247,3,36,95,17,15,Remote,LinkedIn,5,No,0,50+,Medium ($70k-$120k),Excellent,High (>15 days)
EMP0213,Employee_213,Female,49,Sales,Executive,73998,10553,3,50,95.1,0,7,Remote,Website,2,No,0,40-49,Medium ($70k-$120k),Excellent,Low (<5 days)
EMP0214,Employee_214,Male,36,Sales,Director,67230,6135,3,81,85.4,18,23,Remote,Agency,5,No,0,30-39,Low (<$70k),Good,High (>15 days)
EMP0215,Employee_215,Female,51,Finance,Executive,49076,5573,3,83,82.1,21,12,On-site,Agency,1,No,0,50+,Low (<$70k),Needs Attention,High (>15 days)
EMP0216,Employee_216,Male,58,Sales,Specialist,109341,13731,3,26,82.1,28,28,Hybrid,Agency,4,No,0,50+,Medium ($70k-$120k),Needs Attention,High (>15 days)
EMP0217,Employee_217,Male,50,Finance,Executive,71085,7189,3,71,87.1,7,31,Hybrid,LinkedIn,2,No,0,50+,Medium ($70k-$120k),Good,Medium (5-15 days)
EMP0218,Employee_218,Female,43,Finance,Director,95571,14541,3,38,93,2,23,On-site,Referral,4,No,0,40-49,Medium ($70k-$120k),Good,Low (<5 days)
EMP0219,Employee_219,Female,25,Finance,Specialist,54715,10878,3,67,84,25,15,On-site,LinkedIn,5,No,0,<30 (Gen Z/Young Millennial),Low (<$70k),Needs Attention,High (>15 days)
EMP0220,Employee_220,Female,41,Sales,Analyst,45750,11087,3,79,90.3,24,10,Remote,LinkedIn,3,No,0,40-49,Low (<$70k),Good,High (>15 days)
EMP0221,Employee_221,Female,53,Finance,Analyst,153931,13667,3,87,84.6,25,31,Remote,Referral,4,No,0,50+,High (>$120k),Needs Attention,High (>15 days)
EMP0222,Employee_222,Female,57,Sales,Director,118768,2776,3,31,82.6,4,5,On-site,Referral,5,No,0,50+,Medium ($70k-$120k),Needs Attention,Low (<5 days)
EMP0223,Employee_223,Male,25,Finance,Executive,158544,9311,3,15,75.6,22,34,Remote,Referral,5,Yes,1,<30 (Gen Z/Young Millennial),High (>$120k),Needs Attention,High (>15 days)
EMP0224,Employee_224,Male,48,Operations,Manager,75903,7697,3,35,75.1,7,32,Hybrid,Referral,5,No,0,40-49,Medium ($70k-$120k),Needs Attention,Medium (5-15 days)
EMP0225,Employee_225,Male,38,Finance,Director,112489,14629,3,48,80.7,18,17,Hybrid,LinkedIn,3,No,0,30-39,Medium ($70k-$120k),Needs Attention,High (>15 days)
EMP0226,Employee_226,Male,33,IT,Specialist,72093,8386,5,21,85.2,17,36,Remote,Website,3,Yes,1,30-39,Medium ($70k-$120k),Good,High (>15 days)
EMP0227,Employee_227,Non-Binary,43,Finance,Specialist,131036,17046,3,23,96.3,17,12,Remote,Agency,3,Yes,1,40-49,High (>$120k),Excellent,High (>15 days)
EMP0228,Employee_228,Male,38,HR,Analyst,127954,8044,5,31,95,20,9,Remote,Website,2,Yes,1,30-39,High (>$120k),Excellent,High (>15 days)
EMP0229,Employee_229,Female,31,Finance,Specialist,159277,9615,3,60,81.7,0,36,Hybrid,LinkedIn,3,No,0,30-39,High (>$120k),Needs Attention,Low (<5 days)
EMP0230,Employee_230,Female,22,IT,Director,74314,15034,3,32,81.1,14,25,Remote,Referral,3,No,0,<30 (Gen Z/Young Millennial),Medium ($70k-$120k),Needs Attention,Medium (5-15 days)
EMP0231,Employee_231,Female,43,IT,Specialist,88225,5060,4,57,80.7,17,16,On-site,Agency,3,No,0,40-49,Medium ($70k-$120k),Needs Attention,High (>15 days)
EMP0232,Employee_232,Male,47,Sales,Director,127985,10900,3,80,83.5,28,0,Remote,Agency,4,No,0,40-49,High (>$120k),Needs Attention,High (>15 days)
EMP0233,Employee_233,Female,39,Operations,Manager,123014,5581,3,59,87.5,24,24,On-site,Website,3,No,0,30-39,High (>$120k),Good,High (>15 days)
EMP0234,Employee_234,Male,35,Finance,Analyst,75179,2014,3,98,86,6,33,Remote,LinkedIn,2,No,0,30-39,Medium ($70k-$120k),Good,Medium (5-15 days)
EMP0235,Employee_235,Male,50,Sales,Specialist,157305,12997,3,22,80.5,15,38,Remote,LinkedIn,5,Yes,1,50+,High (>$120k),Needs Attention,Medium (5-15 days)
EMP0236,Employee_236,Female,33,Operations,Director,152417,10635,2,94,78.3,15,9,Hybrid,LinkedIn,4,No,0,30-39,High (>$120k),Needs Attention,Medium (5-15 days)
EMP0237,Employee_237,Male,57,Finance,Executive,65338,13648,3,19,75.3,14,19,On-site,Agency,1,No,0,50+,Low (<$70k),Needs Attention,Medium (5-15 days)
EMP0238,Employee_238,Male,56,HR,Analyst,132435,7148,1,64,78.8,5,6,On-site,Website,3,Yes,1,50+,High (>$120k),Needs Attention,Low (<5 days)
EMP0239,Employee_239,Female,33,Finance,Manager,109681,18748,1,18,92.6,8,15,On-site,Agency,5,No,0,30-39,Medium ($70k-$120k),Good,Medium (5-15 days)
EMP0240,Employee_240,Male,28,IT,Director,72101,14022,5,88,81.1,6,36,Hybrid,Agency,5,No,0,<30 (Gen Z/Young Millennial),Medium ($70k-$120k),Needs Attention,Medium (5-15 days)
EMP0241,Employee_241,Female,50,IT,Manager,42775,5919,3,61,86.7,13,28,On-site,Referral,4,Yes,1,50+,Low (<$70k),Good,Medium (5-15 days)
EMP0242,Employee_242,Female,32,HR,Manager,151497,15886,3,11,89.8,10,11,Hybrid,Website,1,Yes,1,30-39,High (>$120k),Good,Medium (5-15 days)
EMP0243,Employee_243,Female,54,Sales,Specialist,137183,6638,4,34,97.2,20,16,Remote,Referral,2,Yes,1,50+,High (>$120k),Excellent,High (>15 days)
EMP0244,Employee_244,Male,27,Operations,Specialist,85619,4651,3,22,97.2,15,19,Remote,LinkedIn,5,No,0,<30 (Gen Z/Young Millennial),Medium ($70k-$120k),Excellent,Medium (5-15 days)
EMP0245,Employee_245,Male,36,Finance,Director,85838,609,3,60,93.6,24,25,On-site,Agency,5,No,0,30-39,Medium ($70k-$120k),Good,High (>15 days)
EMP0246,Employee_246,Female,53,IT,Executive,59539,7940,3,67,75.9,5,18,Remote,Website,5,No,0,50+,Low (<$70k),Needs Attention,Low (<5 days)
EMP0247,Employee_247,Male,32,Sales,Director,142274,10348,3,43,89.4,21,11,Remote,LinkedIn,5,No,0,30-39,High (>$120k),Good,High (>15 days)
EMP0248,Employee_248,Female,44,HR,Executive,97124,3866,3,44,94.7,26,20,On-site,Website,4,No,0,40-49,Medium ($70k-$120k),Good,High (>15 days)
EMP0249,Employee_249,Female,47,IT,Manager,105149,16755,4,12,75.4,15,33,Remote,Agency,1,No,0,40-49,Medium ($70k-$120k),Needs Attention,Medium (5-15 days)
EMP0250,Employee_250,Female,55,HR,Analyst,66616,16999,5,68,88.7,19,6,On-site,Website,5,Yes,1,50+,Low (<$70k),Good,High (>15 days)
EMP0251,Employee_251,Male,55,Finance,Director,119655,2253,3,79,96.4,28,34,On-site,LinkedIn,2,No,0,50+,Medium ($70k-$120k),Excellent,High (>15 days)
EMP0252,Employee_252,Male,50,Operations,Director,130695,4942,3,57,86.9,15,14,Remote,Referral,2,No,0,50+,High (>$120k),Good,Medium (5-15 days)
EMP0253,Employee_253,Female,25,IT,Executive,94567,12330,3,73,75.1,11,0,Remote,Agency,3,No,0,<30 (Gen Z/Young Millennial),Medium ($70k-$120k),Needs Attention,Medium (5-15 days)
EMP0254,Employee_254,Male,38,IT,Manager,77099,864,2,28,75.3,16,25,Remote,Referral,5,No,0,30-39,Medium ($70k-$120k),Needs Attention,High (>15 days)
EMP0255,Employee_255,Male,56,Finance,Manager,115831,1268,4,76,85.4,4,34,Remote,Agency,5,Yes,1,50+,Medium ($70k-$120k),Good,Low (<5 days)
EMP0256,Employee_256,Female,34,Sales,Executive,140246,7454,2,91,78.9,26,24,Remote,LinkedIn,5,No,0,30-39,High (>$120k),Needs Attention,High (>15 days)
EMP0257,Employee_257,Female,36,Operations,Manager,101799,13666,3,82,91.6,24,14,Hybrid,Agency,5,No,0,30-39,Medium ($70k-$120k),Good,High (>15 days)
EMP0258,Employee_258,Female,50,IT,Specialist,130221,12370,4,85,92.7,12,21,Remote,Referral,5,No,0,50+,High (>$120k),Good,Medium (5-15 days)
EMP0259,Employee_259,Female,50,Operations,Analyst,154879,5229,3,14,79.4,7,5,Hybrid,Agency,2,No,0,50+,High (>$120k),Needs Attention,Medium (5-15 days)
EMP0260,Employee_260,Male,32,IT,Director,65479,16309,3,76,97.2,23,14,On-site,LinkedIn,1,No,0,30-39,Low (<$70k),Excellent,High (>15 days)
EMP0261,Employee_261,Female,53,Operations,Analyst,86172,18621,3,20,86,4,23,Remote,Agency,1,No,0,50+,Medium ($70k-$120k),Good,Low (<5 days)
EMP0262,Employee_262,Non-Binary,23,HR,Director,139165,4054,4,77,78.6,11,20,Remote,Referral,3,No,0,<30 (Gen Z/Young Millennial),High (>$120k),Needs Attention,Medium (5-15 days)
EMP0263,Employee_263,Male,35,IT,Specialist,95863,935,3,78,94.1,8,6,Remote,LinkedIn,2,No,0,30-39,Medium ($70k-$120k),Good,Medium (5-15 days)
EMP0264,Employee_264,Male,41,Operations,Manager,82043,12172,4,10,94.7,2,28,On-site,Referral,5,No,0,40-49,Medium ($70k-$120k),Good,Low (<5 days)
EMP0265,Employee_265,Female,43,Sales,Executive,122569,10530,2,72,91,2,31,Hybrid,Agency,1,No,0,40-49,High (>$120k),Good,Low (<5 days)
EMP0266,Employee_266,Female,32,HR,Specialist,142438,15560,4,38,96.3,0,31,Hybrid,Website,4,No,0,30-39,High (>$120k),Excellent,Low (<5 days)
EMP0267,Employee_267,Female,48,HR,Analyst,150107,16156,4,91,93.4,24,4,Remote,Referral,4,No,0,40-49,High (>$120k),Good,High (>15 days)
EMP0268,Employee_268,Female,24,Sales,Executive,55408,16709,3,21,97.1,21,3,Remote,Agency,4,No,0,<30 (Gen Z/Young Millennial),Low (<$70k),Excellent,High (>15 days)
EMP0269,Employee_269,Male,38,Operations,Manager,97980,9726,3,86,85.8,17,21,Remote,Website,5,Yes,1,30-39,Medium ($70k-$120k),Good,High (>15 days)
EMP0270,Employee_270,Male,49,Finance,Specialist,122956,7774,3,50,93.7,23,17,Remote,Website,5,No,0,40-49,High (>$120k),Good,High (>15 days)
EMP0271,Employee_271,Female,50,Sales,Executive,56351,1985,3,11,100,11,34,On-site,LinkedIn,3,No,0,50+,Low (<$70k),Excellent,Medium (5-15 days)
EMP0272,Employee_272,Female,42,Operations,Specialist,44131,14252,3,46,93.1,8,16,Remote,Website,3,No,0,40-49,Low (<$70k),Good,Medium (5-15 days)
EMP0273,Employee_273,Female,37,Sales,Specialist,156836,4603,3,54,77.9,8,23,On-site,Referral,3,No,0,30-39,High (>$120k),Needs Attention,Medium (5-15 days)
EMP0274,Employee_274,Female,58,Sales,Manager,84825,19162,3,89,88,17,1,Remote,Referral,4,No,0,50+,Medium ($70k-$120k),Good,High (>15 days)
EMP0275,Employee_275,Male,41,IT,Director,51349,15960,3,57,89.7,17,12,Hybrid,Website,5,No,0,40-49,Low (<$70k),Good,High (>15 days)
EMP0276,Employee_276,Male,27,Operations,Executive,100931,9462,1,33,79.4,28,14,Hybrid,Agency,4,No,0,<30 (Gen Z/Young Millennial),Medium ($70k-$120k),Needs Attention,High (>15 days)
EMP0277,Employee_277,Female,40,Finance,Manager,84254,14166,3,31,99.1,6,4,Remote,Referral,3,No,0,40-49,Medium ($70k-$120k),Excellent,Medium (5-15 days)
EMP0278,Employee_278,Female,26,IT,Specialist,78225,7754,3,20,79.4,26,2,Remote,Referral,5,No,0,<30 (Gen Z/Young Millennial),Medium ($70k-$120k),Needs Attention,High (>15 days)
EMP0279,Employee_279,Female,24,Sales,Manager,144383,14246,4,67,79.4,3,36,On-site,LinkedIn,2,No,0,<30 (Gen Z/Young Millennial),High (>$120k),Needs Attention,Low (<5 days)
EMP0280,Employee_280,Female,22,Sales,Director,52453,4078,3,55,97.9,12,36,Remote,Agency,1,No,0,<30 (Gen Z/Young Millennial),Low (<$70k),Excellent,Medium (5-15 days)
EMP0281,Employee_281,Female,59,Sales,Executive,58814,12853,3,38,86.6,16,36,Remote,Website,1,No,0,50+,Low (<$70k),Good,High (>15 days)
EMP0282,Employee_282,Male,36,Operations,Director,58263,17751,5,44,76.6,23,2,Remote,Agency,3,Yes,1,30-39,Low (<$70k),Needs Attention,High (>15 days)
EMP0283,Employee_283,Male,55,Operations,Analyst,117694,4042,3,24,90,1,34,Hybrid,LinkedIn,4,No,0,50+,Medium ($70k-$120k),Good,Low (<5 days)
EMP0284,Employee_284,Male,56,IT,Executive,55735,16284,4,69,90,13,22,On-site,LinkedIn,2,No,0,50+,Low (<$70k),Good,Medium (5-15 days)
EMP0285,Employee_285,Female,46,Finance,Director,55830,14389,3,51,76.6,2,27,Hybrid,Agency,5,No,0,40-49,Low (<$70k),Needs Attention,Low (<5 days)
EMP0286,Employee_286,Male,45,IT,Specialist,87893,2575,3,52,99.3,4,29,On-site,LinkedIn,4,No,0,40-49,Medium ($70k-$120k),Excellent,Low (<5 days)
EMP0287,Employee_287,Male,33,HR,Executive,84673,6754,2,89,88.6,13,17,Hybrid,LinkedIn,3,No,0,30-39,Medium ($70k-$120k),Good,Medium (5-15 days)
EMP0288,Employee_288,Female,39,Sales,Executive,129462,17965,3,83,89,2,35,Remote,LinkedIn,4,No,0,30-39,High (>$120k),Good,Low (<5 days)
EMP0289,Employee_289,Male,36,Sales,Manager,85066,1986,2,58,88,22,32,Hybrid,Agency,3,Yes,1,30-39,Medium ($70k-$120k),Good,High (>15 days)
EMP0290,Employee_290,Female,37,Sales,Specialist,140315,18624,3,73,90.3,6,25,Hybrid,LinkedIn,1,No,0,30-39,High (>$120k),Good,Medium (5-15 days)
EMP0291,Employee_291,Male,48,IT,Analyst,43373,15470,3,41,81.6,29,39,On-site,Website,1,No,0,40-49,Low (<$70k),Needs Attention,High (>15 days)
EMP0292,Employee_292,Male,29,IT,Director,50335,5968,3,73,82.2,17,16,On-site,Website,4,No,0,<30 (Gen Z/Young Millennial),Low (<$70k),Needs Attention,High (>15 days)
EMP0293,Employee_293,Female,46,Sales,Manager,63741,7493,3,11,87.8,12,39,Hybrid,Referral,2,No,0,40-49,Low (<$70k),Good,Medium (5-15 days)
EMP0294,Employee_294,Male,38,IT,Director,50692,4103,3,33,95.2,28,6,On-site,Website,5,No,0,30-39,Low (<$70k),Excellent,High (>15 days)
EMP0295,Employee_295,Male,50,Operations,Analyst,87295,2076,3,96,76.2,22,7,On-site,Referral,3,No,0,50+,Medium ($70k-$120k),Needs Attention,High (>15 days)
EMP0296,Employee_296,Female,29,Operations,Analyst,85541,2994,3,75,90.1,26,30,On-site,Agency,5,No,0,<30 (Gen Z/Young Millennial),Medium ($70k-$120k),Good,High (>15 days)
EMP0297,Employee_297,Female,36,IT,Executive,74057,3744,5,47,95.2,21,11,On-site,LinkedIn,1,No,0,30-39,Medium ($70k-$120k),Excellent,High (>15 days)
EMP0298,Employee_298,Male,48,Sales,Analyst,106983,14466,3,40,78.9,9,30,On-site,Website,2,No,0,40-49,Medium ($70k-$120k),Needs Attention,Medium (5-15 days)
EMP0299,Employee_299,Female,28,IT,Director,59583,14523,4,35,75.4,24,18,Hybrid,Referral,2,No,0,<30 (Gen Z/Young Millennial),Low (<$70k),Needs Attention,High (>15 days)
EMP0300,Employee_300,Male,24,IT,Specialist,62765,5594,4,38,82.8,12,9,On-site,Agency,5,No,0,<30 (Gen Z/Young Millennial),Low (<$70k),Needs Attention,Medium (5-15 days)
EMP0301,Employee_301,Male,50,IT,Specialist,99287,7531,3,76,89.7,15,38,Remote,Referral,1,Yes,1,50+,Medium ($70k-$120k),Good,Medium (5-15 days)
EMP0302,Employee_302,Female,45,HR,Executive,63906,7371,3,87,78.5,8,11,Hybrid,LinkedIn,5,No,0,40-49,Low (<$70k),Needs Attention,Medium (5-15 days)
EMP0303,Employee_303,Female,24,Operations,Director,125103,14547,3,34,85.7,1,19,Hybrid,Website,4,No,0,<30 (Gen Z/Young Millennial),High (>$120k),Good,Low (<5 days)
EMP0304,Employee_304,Female,41,Finance,Director,119675,18028,3,57,88.8,22,36,Hybrid,Agency,2,No,0,40-49,Medium ($70k-$120k),Good,High (>15 days)
EMP0305,Employee_305,Female,36,Finance,Analyst,86525,3144,3,74,90,4,6,On-site,Referral,2,No,0,30-39,Medium ($70k-$120k),Good,Low (<5 days)
EMP0306,Employee_306,Non-Binary,46,HR,Director,78230,13990,3,62,81.9,28,13,Remote,Agency,4,No,0,40-49,Medium ($70k-$120k),Needs Attention,High (>15 days)
EMP0307,Employee_307,Male,51,IT,Manager,157904,14083,3,76,85,21,10,On-site,Referral,1,No,0,50+,High (>$120k),Good,High (>15 days)
EMP0308,Employee_308,Male,35,HR,Analyst,59520,16626,3,99,94.5,16,6,Hybrid,Referral,2,No,0,30-39,Low (<$70k),Good,High (>15 days)
EMP0309,Employee_309,Female,28,HR,Manager,125238,7954,3,27,98.5,22,28,Hybrid,LinkedIn,3,No,0,<30 (Gen Z/Young Millennial),High (>$120k),Excellent,High (>15 days)
EMP0310,Employee_310,Male,38,Sales,Executive,91934,7269,3,18,96.5,21,9,Hybrid,LinkedIn,3,No,0,30-39,Medium ($70k-$120k),Excellent,High (>15 days)
EMP0311,Employee_311,Male,41,Operations,Specialist,65566,7130,4,47,89.1,3,28,Hybrid,Referral,1,No,0,40-49,Low (<$70k),Good,Low (<5 days)
EMP0312,Employee_312,Male,57,Finance,Executive,113193,6828,3,96,85.3,16,8,On-site,Website,4,Yes,1,50+,Medium ($70k-$120k),Good,High (>15 days)
EMP0313,Employee_313,Male,30,IT,Specialist,143224,8844,2,30,83.3,8,35,Remote,Agency,5,No,0,30-39,High (>$120k),Needs Attention,Medium (5-15 days)
EMP0314,Employee_314,Female,59,Finance,Executive,70134,14220,3,74,78.1,19,9,Remote,Agency,1,No,0,50+,Medium ($70k-$120k),Needs Attention,High (>15 days)
EMP0315,Employee_315,Female,43,Finance,Director,50345,6331,3,30,77.7,1,18,Hybrid,LinkedIn,5,No,0,40-49,Low (<$70k),Needs Attention,Low (<5 days)
EMP0316,Employee_316,Female,23,Operations,Manager,81185,19896,3,36,92.2,23,30,Remote,Website,1,No,0,<30 (Gen Z/Young Millennial),Medium ($70k-$120k),Good,High (>15 days)
EMP0317,Employee_317,Male,45,Finance,Specialist,155464,13397,3,79,81.5,17,16,Hybrid,Referral,3,No,0,40-49,High (>$120k),Needs Attention,High (>15 days)
EMP0318,Employee_318,Male,29,Finance,Analyst,132949,17883,3,53,81.4,20,8,Hybrid,LinkedIn,4,No,0,<30 (Gen Z/Young Millennial),High (>$120k),Needs Attention,High (>15 days)
EMP0319,Employee_319,Male,32,HR,Manager,110744,10291,3,37,100,26,32,Remote,Referral,3,No,0,30-39,Medium ($70k-$120k),Excellent,High (>15 days)
EMP0320,Employee_320,Male,34,Operations,Analyst,73455,18542,4,54,79.7,21,33,Hybrid,Referral,4,No,0,30-39,Medium ($70k-$120k),Needs Attention,High (>15 days)
EMP0321,Employee_321,Female,38,Sales,Manager,155217,10164,4,26,78.7,10,23,Remote,LinkedIn,5,Yes,1,30-39,High (>$120k),Needs Attention,Medium (5-15 days)
EMP0322,Employee_322,Female,29,IT,Manager,68018,10450,3,49,77.5,12,8,Hybrid,Website,1,No,0,<30 (Gen Z/Young Millennial),Low (<$70k),Needs Attention,Medium (5-15 days)
EMP0323,Employee_323,Female,42,Finance,Executive,94219,2035,3,12,89.5,7,6,Remote,Agency,2,No,0,40-49,Medium ($70k-$120k),Good,Medium (5-15 days)
EMP0324,Employee_324,Male,39,IT,Specialist,85991,11463,3,85,90.7,26,15,Hybrid,LinkedIn,2,No,0,30-39,Medium ($70k-$120k),Good,High (>15 days)
EMP0325,Employee_325,Female,51,Sales,Specialist,113616,7977,1,85,84.1,0,18,Remote,Website,4,No,0,50+,Medium ($70k-$120k),Needs Attention,Low (<5 days)
EMP0326,Employee_326,Female,39,IT,Manager,127438,17241,3,75,88.4,16,38,Hybrid,Referral,4,No,0,30-39,High (>$120k),Good,High (>15 days)
EMP0327,Employee_327,Female,52,Sales,Director,156841,12182,3,55,94.7,11,5,Hybrid,LinkedIn,3,Yes,1,50+,High (>$120k),Good,Medium (5-15 days)
EMP0328,Employee_328,Female,59,HR,Director,49486,298,4,95,95.5,3,10,Hybrid,Agency,2,No,0,50+,Low (<$70k),Excellent,Low (<5 days)
EMP0329,Employee_329,Male,53,Finance,Analyst,78862,923,1,96,98.9,20,11,Remote,Agency,3,No,0,50+,Medium ($70k-$120k),Excellent,High (>15 days)
EMP0330,Employee_330,Male,32,Sales,Analyst,98870,13331,3,39,95.6,12,12,On-site,Referral,5,No,0,30-39,Medium ($70k-$120k),Excellent,Medium (5-15 days)
EMP0331,Employee_331,Male,46,IT,Executive,126694,19183,3,78,89.1,28,11,Hybrid,LinkedIn,2,No,0,40-49,High (>$120k),Good,High (>15 days)
EMP0332,Employee_332,Female,54,Finance,Manager,145996,6578,3,18,79.5,8,20,Hybrid,Agency,5,No,0,50+,High (>$120k),Needs Attention,Medium (5-15 days)
EMP0333,Employee_333,Male,59,HR,Analyst,83856,4875,2,94,77.5,26,9,Remote,LinkedIn,1,No,0,50+,Medium ($70k-$120k),Needs Attention,High (>15 days)
EMP0334,Employee_334,Male,29,Finance,Analyst,141407,12254,5,20,76.4,29,19,Hybrid,Agency,3,Yes,1,<30 (Gen Z/Young Millennial),High (>$120k),Needs Attention,High (>15 days)
EMP0335,Employee_335,Male,32,Sales,Manager,140744,18186,3,78,91.7,6,35,Hybrid,Referral,4,No,0,30-39,High (>$120k),Good,Medium (5-15 days)
EMP0336,Employee_336,Male,43,HR,Executive,126055,10905,3,75,95.2,22,27,Hybrid,Referral,2,No,0,40-49,High (>$120k),Excellent,High (>15 days)
EMP0337,Employee_337,Female,45,IT,Analyst,71379,13353,3,97,87.7,23,23,Hybrid,LinkedIn,3,No,0,40-49,Medium ($70k-$120k),Good,High (>15 days)
EMP0338,Employee_338,Female,38,HR,Executive,104729,15882,3,40,76.4,4,4,On-site,Website,4,No,0,30-39,Medium ($70k-$120k),Needs Attention,Low (<5 days)
EMP0339,Employee_339,Male,33,HR,Specialist,68378,19041,3,42,88.4,4,36,On-site,Website,1,No,0,30-39,Low (<$70k),Good,Low (<5 days)
EMP0340,Employee_340,Male,53,Operations,Executive,145428,19730,2,48,98.4,16,11,Hybrid,Referral,2,No,0,50+,High (>$120k),Excellent,High (>15 days)
EMP0341,Employee_341,Male,36,HR,Director,94353,9663,2,55,89.9,29,34,Hybrid,Agency,5,No,0,30-39,Medium ($70k-$120k),Good,High (>15 days)
EMP0342,Employee_342,Male,37,HR,Director,89996,19333,4,46,95.2,8,39,Hybrid,Website,1,No,0,30-39,Medium ($70k-$120k),Excellent,Medium (5-15 days)
EMP0343,Employee_343,Male,43,Finance,Executive,54031,941,3,69,95,5,1,On-site,Referral,4,Yes,1,40-49,Low (<$70k),Excellent,Low (<5 days)
EMP0344,Employee_344,Male,49,IT,Director,120072,1907,3,40,98.3,24,38,On-site,Agency,2,No,0,40-49,High (>$120k),Excellent,High (>15 days)
EMP0345,Employee_345,Male,41,Finance,Specialist,105982,4837,3,20,94.3,18,8,Remote,Agency,2,No,0,40-49,Medium ($70k-$120k),Good,High (>15 days)
EMP0346,Employee_346,Female,54,Finance,Manager,76683,13680,4,96,93.7,15,21,Remote,Website,1,Yes,1,50+,Medium ($70k-$120k),Good,Medium (5-15 days)
EMP0347,Employee_347,Female,31,Sales,Director,154091,17627,2,11,80.9,20,4,Hybrid,Referral,2,No,0,30-39,High (>$120k),Needs Attention,High (>15 days)
EMP0348,Employee_348,Male,53,Finance,Director,157797,5696,3,36,76.5,1,11,Hybrid,Agency,4,No,0,50+,High (>$120k),Needs Attention,Low (<5 days)
EMP0349,Employee_349,Male,54,Operations,Executive,57618,16226,2,11,87.9,9,0,On-site,Agency,1,No,0,50+,Low (<$70k),Good,Medium (5-15 days)
EMP0350,Employee_350,Female,23,Operations,Specialist,46587,13543,1,30,78.1,15,21,Hybrid,LinkedIn,5,No,0,<30 (Gen Z/Young Millennial),Low (<$70k),Needs Attention,Medium (5-15 days)
EMP0351,Employee_351,Male,54,Sales,Manager,102790,12615,2,67,99.1,4,37,Hybrid,LinkedIn,1,No,0,50+,Medium ($70k-$120k),Excellent,Low (<5 days)
EMP0352,Employee_352,Female,54,IT,Executive,71480,1466,4,14,82.2,14,18,On-site,Website,1,No,0,50+,Medium ($70k-$120k),Needs Attention,Medium (5-15 days)
EMP0353,Employee_353,Female,34,IT,Executive,138530,18350,2,61,96.3,12,15,On-site,LinkedIn,5,No,0,30-39,High (>$120k),Excellent,Medium (5-15 days)
EMP0354,Employee_354,Male,51,Finance,Specialist,60527,375,1,54,84.7,12,30,On-site,Referral,4,No,0,50+,Low (<$70k),Needs Attention,Medium (5-15 days)
EMP0355,Employee_355,Male,54,Finance,Manager,63569,262,3,94,83.1,12,2,On-site,Website,3,No,0,50+,Low (<$70k),Needs Attention,Medium (5-15 days)
EMP0356,Employee_356,Female,34,Finance,Specialist,51151,11580,4,29,98.4,14,22,Remote,Website,3,Yes,1,30-39,Low (<$70k),Excellent,Medium (5-15 days)
EMP0357,Employee_357,Male,47,IT,Manager,111094,10136,3,70,84.1,13,17,On-site,LinkedIn,5,No,0,40-49,Medium ($70k-$120k),Needs Attention,Medium (5-15 days)
EMP0358,Employee_358,Female,43,HR,Specialist,99174,7833,3,47,84.8,7,25,On-site,Agency,4,No,0,40-49,Medium ($70k-$120k),Needs Attention,Medium (5-15 days)
EMP0359,Employee_359,Female,23,Operations,Executive,84739,1893,1,29,77.7,10,12,Hybrid,Referral,2,No,0,<30 (Gen Z/Young Millennial),Medium ($70k-$120k),Needs Attention,Medium (5-15 days)
EMP0360,Employee_360,Female,59,HR,Executive,72954,8106,3,34,91.8,17,17,Hybrid,Referral,5,No,0,50+,Medium ($70k-$120k),Good,High (>15 days)
EMP0361,Employee_361,Male,47,HR,Analyst,152984,11826,3,11,82.2,23,2,Hybrid,Referral,3,No,0,40-49,High (>$120k),Needs Attention,High (>15 days)
EMP0362,Employee_362,Female,36,IT,Director,152863,1652,3,41,89.6,3,22,Remote,Website,4,No,0,30-39,High (>$120k),Good,Low (<5 days)
EMP0363,Employee_363,Male,55,HR,Specialist,149373,599,3,35,89.8,25,2,On-site,Referral,1,Yes,1,50+,High (>$120k),Good,High (>15 days)
EMP0364,Employee_364,Female,32,Sales,Analyst,75303,18296,3,79,93,9,24,On-site,Agency,4,No,0,30-39,Medium ($70k-$120k),Good,Medium (5-15 days)
EMP0365,Employee_365,Female,24,Finance,Director,74700,8792,2,50,93.6,0,26,Remote,Agency,4,No,0,<30 (Gen Z/Young Millennial),Medium ($70k-$120k),Good,Low (<5 days)
EMP0366,Employee_366,Male,27,Sales,Specialist,133036,3637,3,76,87.9,28,26,On-site,LinkedIn,3,No,0,<30 (Gen Z/Young Millennial),High (>$120k),Good,High (>15 days)
EMP0367,Employee_367,Female,30,Operations,Manager,107568,10355,2,10,83.3,4,38,Hybrid,Referral,3,No,0,30-39,Medium ($70k-$120k),Needs Attention,Low (<5 days)
EMP0368,Employee_368,Female,27,Finance,Director,106788,15989,4,60,95.9,12,24,Remote,Website,2,Yes,1,<30 (Gen Z/Young Millennial),Medium ($70k-$120k),Excellent,Medium (5-15 days)
EMP0369,Employee_369,Male,30,HR,Executive,111045,9290,5,14,82.7,0,23,On-site,LinkedIn,2,No,0,30-39,Medium ($70k-$120k),Needs Attention,Low (<5 days)
EMP0370,Employee_370,Male,52,Operations,Analyst,77842,5599,5,22,87.7,22,7,Remote,Agency,5,No,0,50+,Medium ($70k-$120k),Good,High (>15 days)
EMP0371,Employee_371,Male,53,Finance,Director,53900,14342,4,28,85,7,8,Remote,Referral,1,Yes,1,50+,Low (<$70k),Good,Medium (5-15 days)
EMP0372,Employee_372,Male,33,HR,Director,120059,13945,3,21,96.4,2,36,On-site,Agency,2,No,0,30-39,High (>$120k),Excellent,Low (<5 days)
EMP0373,Employee_373,Male,29,Sales,Executive,41881,10762,3,57,85.8,2,29,Hybrid,LinkedIn,3,No,0,<30 (Gen Z/Young Millennial),Low (<$70k),Good,Low (<5 days)
EMP0374,Employee_374,Female,29,Finance,Specialist,73037,14312,3,34,84.7,6,18,On-site,Agency,4,No,0,<30 (Gen Z/Young Millennial),Medium ($70k-$120k),Needs Attention,Medium (5-15 days)
EMP0375,Employee_375,Male,49,HR,Manager,41630,7382,3,66,92.2,3,15,On-site,Referral,5,No,0,40-49,Low (<$70k),Good,Low (<5 days)
EMP0376,Employee_376,Male,41,Sales,Executive,60789,8982,3,44,90.1,2,23,Hybrid,Referral,2,No,0,40-49,Low (<$70k),Good,Low (<5 days)
EMP0377,Employee_377,Female,28,Operations,Manager,128059,19953,3,85,77.7,14,20,On-site,LinkedIn,4,No,0,<30 (Gen Z/Young Millennial),High (>$120k),Needs Attention,Medium (5-15 days)
EMP0378,Employee_378,Male,32,Operations,Specialist,123494,7707,4,14,87.7,7,35,On-site,Referral,4,No,0,30-39,High (>$120k),Good,Medium (5-15 days)
EMP0379,Employee_379,Female,41,Operations,Director,86151,17130,3,31,93.4,2,39,On-site,Agency,2,No,0,40-49,Medium ($70k-$120k),Good,Low (<5 days)
EMP0380,Employee_380,Male,37,Operations,Manager,88920,4633,3,86,99.8,28,38,Remote,Agency,1,No,0,30-39,Medium ($70k-$120k),Excellent,High (>15 days)
EMP0381,Employee_381,Male,25,IT,Analyst,149388,17304,4,66,90.7,29,5,Remote,Website,1,No,0,<30 (Gen Z/Young Millennial),High (>$120k),Good,High (>15 days)
EMP0382,Employee_382,Female,27,Finance,Analyst,107231,9269,2,56,84.3,6,4,Remote,Website,5,No,0,<30 (Gen Z/Young Millennial),Medium ($70k-$120k),Needs Attention,Medium (5-15 days)
EMP0383,Employee_383,Female,43,Finance,Executive,157946,13778,3,63,80.7,17,13,On-site,Website,1,No,0,40-49,High (>$120k),Needs Attention,High (>15 days)
EMP0384,Employee_384,Female,47,IT,Specialist,120357,7008,4,12,96.8,10,3,Hybrid,Agency,5,No,0,40-49,High (>$120k),Excellent,Medium (5-15 days)
EMP0385,Employee_385,Female,24,HR,Executive,43262,15523,3,62,95.4,10,7,Remote,Agency,3,Yes,1,<30 (Gen Z/Young Millennial),Low (<$70k),Excellent,Medium (5-15 days)
EMP0386,Employee_386,Female,35,HR,Executive,106981,18765,3,93,80.8,16,23,Hybrid,LinkedIn,2,No,0,30-39,Medium ($70k-$120k),Needs Attention,High (>15 days)
EMP0387,Employee_387,Male,32,Operations,Executive,121972,3618,3,40,80,27,10,On-site,Website,4,Yes,1,30-39,High (>$120k),Needs Attention,High (>15 days)
EMP0388,Employee_388,Male,39,Sales,Analyst,115485,272,3,78,92.9,5,16,Remote,Agency,5,No,0,30-39,Medium ($70k-$120k),Good,Low (<5 days)
EMP0389,Employee_389,Female,33,HR,Analyst,94722,13007,4,97,82.9,7,20,On-site,LinkedIn,1,No,0,30-39,Medium ($70k-$120k),Needs Attention,Medium (5-15 days)
EMP0390,Employee_390,Female,44,Sales,Executive,129499,18157,3,42,82.7,0,25,Hybrid,Agency,5,Yes,1,40-49,High (>$120k),Needs Attention,Low (<5 days)
EMP0391,Employee_391,Non-Binary,33,Finance,Analyst,90818,2547,3,81,78.8,28,26,Remote,LinkedIn,5,No,0,30-39,Medium ($70k-$120k),Needs Attention,High (>15 days)
EMP0392,Employee_392,Male,34,Sales,Specialist,69932,3164,2,97,81.6,9,15,Remote,Website,1,No,0,30-39,Low (<$70k),Needs Attention,Medium (5-15 days)
EMP0393,Employee_393,Male,46,Finance,Executive,46901,14414,1,59,85.7,27,25,Remote,Website,1,No,0,40-49,Low (<$70k),Good,High (>15 days)
EMP0394,Employee_394,Female,40,IT,Analyst,157473,14327,5,93,93.3,24,32,Remote,Website,2,No,0,40-49,High (>$120k),Good,High (>15 days)
EMP0395,Employee_395,Male,57,IT,Manager,139023,15576,3,25,83.4,18,30,Hybrid,Agency,4,No,0,50+,High (>$120k),Needs Attention,High (>15 days)
EMP0396,Employee_396,Female,29,Operations,Executive,48597,946,3,85,83.2,2,5,Remote,Agency,2,No,0,<30 (Gen Z/Young Millennial),Low (<$70k),Needs Attention,Low (<5 days)
EMP0397,Employee_397,Female,50,HR,Executive,103909,14693,2,86,82.1,3,7,On-site,LinkedIn,2,Yes,1,50+,Medium ($70k-$120k),Needs Attention,Low (<5 days)
EMP0398,Employee_398,Male,53,Operations,Specialist,112391,16890,3,48,87,10,6,Remote,Referral,1,No,0,50+,Medium ($70k-$120k),Good,Medium (5-15 days)
EMP0399,Employee_399,Female,39,Finance,Director,124214,15540,4,98,79.5,14,33,Hybrid,Referral,1,No,0,30-39,High (>$120k),Needs Attention,Medium (5-15 days)
EMP0400,Employee_400,Female,27,Operations,Director,48263,6719,3,55,87.1,0,13,Remote,Website,4,No,0,<30 (Gen Z/Young Millennial),Low (<$70k),Good,Low (<5 days)
EMP0401,Employee_401,Male,39,Sales,Specialist,103293,8435,2,97,92.6,8,15,Hybrid,Referral,5,No,0,30-39,Medium ($70k-$120k),Good,Medium (5-15 days)
EMP0402,Employee_402,Female,40,Finance,Specialist,152824,11350,3,56,75.7,10,8,Hybrid,Website,2,No,0,40-49,High (>$120k),Needs Attention,Medium (5-15 days)
EMP0403,Employee_403,Male,43,IT,Specialist,65805,3590,4,53,75.2,18,9,On-site,LinkedIn,4,No,0,40-49,Low (<$70k),Needs Attention,High (>15 days)
EMP0404,Employee_404,Female,58,HR,Director,131679,10064,3,18,76.9,12,16,Remote,Referral,2,No,0,50+,High (>$120k),Needs Attention,Medium (5-15 days)
EMP0405,Employee_405,Male,53,Finance,Specialist,51874,17576,4,96,88.4,25,11,Remote,Referral,5,No,0,50+,Low (<$70k),Good,High (>15 days)
EMP0406,Employee_406,Female,24,Finance,Analyst,133065,17848,3,59,96.4,15,5,Remote,Website,2,No,0,<30 (Gen Z/Young Millennial),High (>$120k),Excellent,Medium (5-15 days)
EMP0407,Employee_407,Male,49,Sales,Executive,126402,390,4,86,75.1,3,18,On-site,LinkedIn,3,No,0,40-49,High (>$120k),Needs Attention,Low (<5 days)
EMP0408,Employee_408,Male,31,HR,Executive,54079,12668,3,69,98.4,0,28,On-site,Referral,4,No,0,30-39,Low (<$70k),Excellent,Low (<5 days)
EMP0409,Employee_409,Female,56,IT,Manager,89850,11569,2,24,77.7,19,5,Hybrid,Referral,1,Yes,1,50+,Medium ($70k-$120k),Needs Attention,High (>15 days)
EMP0410,Employee_410,Male,50,Finance,Manager,112779,13029,3,45,96,12,24,Hybrid,Referral,2,No,0,50+,Medium ($70k-$120k),Excellent,Medium (5-15 days)
EMP0411,Employee_411,Male,36,Finance,Executive,135408,13107,3,72,87.1,0,23,Hybrid,LinkedIn,4,No,0,30-39,High (>$120k),Good,Low (<5 days)
EMP0412,Employee_412,Female,54,Sales,Analyst,49018,2560,4,78,91.5,4,24,On-site,LinkedIn,4,No,0,50+,Low (<$70k),Good,Low (<5 days)
EMP0413,Employee_413,Female,28,Operations,Director,89500,5867,4,95,87.8,4,15,On-site,Referral,2,No,0,<30 (Gen Z/Young Millennial),Medium ($70k-$120k),Good,Low (<5 days)
EMP0414,Employee_414,Female,33,IT,Director,52100,15284,3,89,86.9,13,15,On-site,Website,1,No,0,30-39,Low (<$70k),Good,Medium (5-15 days)
EMP0415,Employee_415,Female,51,HR,Analyst,97021,1211,3,50,95.9,26,5,Hybrid,Website,1,No,0,50+,Medium ($70k-$120k),Excellent,High (>15 days)
EMP0416,Employee_416,Male,42,Finance,Director,154995,9121,3,83,93.9,22,36,On-site,Referral,2,No,0,40-49,High (>$120k),Good,High (>15 days)
EMP0417,Employee_417,Male,52,Finance,Specialist,59800,1539,4,33,87.1,13,20,Hybrid,LinkedIn,4,No,0,50+,Low (<$70k),Good,Medium (5-15 days)
EMP0418,Employee_418,Male,45,IT,Executive,103400,17027,3,91,77.8,7,3,Hybrid,Referral,1,No,0,40-49,Medium ($70k-$120k),Needs Attention,Medium (5-15 days)
EMP0419,Employee_419,Female,41,Operations,Executive,132446,8693,3,58,77.9,3,33,Remote,LinkedIn,2,Yes,1,40-49,High (>$120k),Needs Attention,Low (<5 days)
EMP0420,Employee_420,Female,58,Finance,Analyst,69437,8921,3,27,95,6,27,Remote,Referral,2,No,0,50+,Low (<$70k),Excellent,Medium (5-15 days)
EMP0421,Employee_421,Female,25,IT,Director,143124,17667,1,16,88.2,19,37,Remote,LinkedIn,2,No,0,<30 (Gen Z/Young Millennial),High (>$120k),Good,High (>15 days)
EMP0422,Employee_422,Female,49,Sales,Manager,116537,10310,3,13,87,18,27,Hybrid,Agency,4,No,0,40-49,Medium ($70k-$120k),Good,High (>15 days)
EMP0423,Employee_423,Male,41,Operations,Manager,86675,12744,3,99,92,14,16,Remote,Website,1,No,0,40-49,Medium ($70k-$120k),Good,Medium (5-15 days)
EMP0424,Employee_424,Male,45,HR,Director,59942,4386,2,78,96.5,21,13,Remote,Agency,4,No,0,40-49,Low (<$70k),Excellent,High (>15 days)
EMP0425,Employee_425,Male,53,Finance,Manager,60862,17303,5,69,90.7,3,6,Remote,Website,3,No,0,50+,Low (<$70k),Good,Low (<5 days)
EMP0426,Employee_426,Female,57,IT,Analyst,51669,12242,3,64,94.1,29,21,On-site,LinkedIn,1,No,0,50+,Low (<$70k),Good,High (>15 days)
EMP0427,Employee_427,Male,55,Sales,Analyst,93772,18723,2,25,94.1,18,0,Hybrid,Agency,4,No,0,50+,Medium ($70k-$120k),Good,High (>15 days)
EMP0428,Employee_428,Female,57,HR,Director,55916,14257,3,99,83.9,8,28,Remote,Website,1,No,0,50+,Low (<$70k),Needs Attention,Medium (5-15 days)
EMP0429,Employee_429,Male,23,IT,Manager,50878,8947,4,91,81.9,20,30,On-site,Referral,3,No,0,<30 (Gen Z/Young Millennial),Low (<$70k),Needs Attention,High (>15 days)
EMP0430,Employee_430,Male,36,IT,Analyst,42985,13946,3,38,95,12,29,On-site,LinkedIn,5,No,0,30-39,Low (<$70k),Excellent,Medium (5-15 days)
EMP0431,Employee_431,Male,55,HR,Analyst,137905,5930,3,32,84.4,13,14,On-site,LinkedIn,2,No,0,50+,High (>$120k),Needs Attention,Medium (5-15 days)
EMP0432,Employee_432,Female,57,Sales,Specialist,113648,5402,1,23,97.6,22,17,Remote,Referral,4,No,0,50+,Medium ($70k-$120k),Excellent,High (>15 days)
EMP0433,Employee_433,Female,27,Sales,Specialist,81235,16017,1,88,76.7,27,34,On-site,Referral,3,Yes,1,<30 (Gen Z/Young Millennial),Medium ($70k-$120k),Needs Attention,High (>15 days)
EMP0434,Employee_434,Male,33,Operations,Analyst,58931,507,3,58,76.5,13,29,Hybrid,Website,3,No,0,30-39,Low (<$70k),Needs Attention,Medium (5-15 days)
EMP0435,Employee_435,Male,24,Finance,Director,132876,1436,4,42,98.2,21,33,On-site,LinkedIn,1,No,0,<30 (Gen Z/Young Millennial),High (>$120k),Excellent,High (>15 days)
EMP0436,Employee_436,Female,39,HR,Executive,40336,11618,4,34,91.2,9,10,On-site,Website,1,No,0,30-39,Low (<$70k),Good,Medium (5-15 days)
EMP0437,Employee_437,Male,42,HR,Executive,82933,8750,2,30,84.5,15,26,On-site,Referral,2,No,0,40-49,Medium ($70k-$120k),Needs Attention,Medium (5-15 days)
EMP0438,Employee_438,Female,36,HR,Analyst,124899,16122,3,26,93.9,4,23,On-site,LinkedIn,1,No,0,30-39,High (>$120k),Good,Low (<5 days)
EMP0439,Employee_439,Female,54,Sales,Analyst,85536,7354,4,32,91.8,22,34,Hybrid,Referral,4,No,0,50+,Medium ($70k-$120k),Good,High (>15 days)
EMP0440,Employee_440,Male,56,Finance,Analyst,109504,11294,3,66,88.3,26,38,Remote,Website,4,No,0,50+,Medium ($70k-$120k),Good,High (>15 days)
EMP0441,Employee_441,Male,47,Operations,Director,139214,13840,4,90,77.5,5,7,Hybrid,Website,4,No,0,40-49,High (>$120k),Needs Attention,Low (<5 days)
EMP0442,Employee_442,Non-Binary,29,IT,Specialist,91148,4399,2,67,95.3,25,17,Hybrid,Website,5,No,0,<30 (Gen Z/Young Millennial),Medium ($70k-$120k),Excellent,High (>15 days)
EMP0443,Employee_443,Male,57,IT,Analyst,153936,5037,4,23,96.7,1,12,Remote,LinkedIn,4,No,0,50+,High (>$120k),Excellent,Low (<5 days)
EMP0444,Employee_444,Male,51,HR,Analyst,56279,15848,4,29,79.3,12,23,On-site,Referral,1,No,0,50+,Low (<$70k),Needs Attention,Medium (5-15 days)
EMP0445,Employee_445,Female,44,Finance,Manager,108665,3715,4,39,96.3,28,22,Remote,Referral,1,No,0,40-49,Medium ($70k-$120k),Excellent,High (>15 days)
EMP0446,Employee_446,Female,35,Sales,Director,143751,14877,3,28,96.9,12,11,Remote,Website,4,No,0,30-39,High (>$120k),Excellent,Medium (5-15 days)
EMP0447,Employee_447,Non-Binary,35,Finance,Analyst,144433,7837,3,62,88.7,18,29,Hybrid,Website,3,Yes,1,30-39,High (>$120k),Good,High (>15 days)
EMP0448,Employee_448,Female,23,Finance,Manager,111386,1301,4,65,91.4,17,30,Remote,Website,3,Yes,1,<30 (Gen Z/Young Millennial),Medium ($70k-$120k),Good,High (>15 days)
EMP0449,Employee_449,Male,58,Sales,Executive,126124,7370,3,86,84.6,27,27,On-site,Website,3,No,0,50+,High (>$120k),Needs Attention,High (>15 days)
EMP0450,Employee_450,Male,26,HR,Analyst,145750,18539,3,91,82,18,21,Hybrid,Agency,2,Yes,1,<30 (Gen Z/Young Millennial),High (>$120k),Needs Attention,High (>15 days)
EMP0451,Employee_451,Female,59,Finance,Analyst,117485,6411,3,32,93,0,27,On-site,Agency,5,Yes,1,50+,Medium ($70k-$120k),Good,Low (<5 days)
EMP0452,Employee_452,Female,35,IT,Manager,114055,6365,4,71,96.5,7,12,Hybrid,Agency,4,No,0,30-39,Medium ($70k-$120k),Excellent,Medium (5-15 days)
EMP0453,Employee_453,Male,46,Sales,Director,131911,15449,4,42,91.4,21,24,On-site,Website,2,No,0,40-49,High (>$120k),Good,High (>15 days)
EMP0454,Employee_454,Female,41,Operations,Analyst,138618,692,3,27,87.8,15,6,Remote,Website,3,No,0,40-49,High (>$120k),Good,Medium (5-15 days)
EMP0455,Employee_455,Male,23,HR,Executive,117273,1478,4,82,79,28,5,Remote,Referral,4,No,0,<30 (Gen Z/Young Millennial),Medium ($70k-$120k),Needs Attention,High (>15 days)
EMP0456,Employee_456,Male,27,Sales,Analyst,106670,6396,3,42,76.3,1,23,Remote,LinkedIn,2,No,0,<30 (Gen Z/Young Millennial),Medium ($70k-$120k),Needs Attention,Low (<5 days)
EMP0457,Employee_457,Male,38,Operations,Executive,116474,8448,2,41,86.1,7,18,On-site,Referral,1,No,0,30-39,Medium ($70k-$120k),Good,Medium (5-15 days)
EMP0458,Employee_458,Male,46,Operations,Specialist,94028,10622,3,70,76.2,5,18,Hybrid,Agency,3,No,0,40-49,Medium ($70k-$120k),Needs Attention,Low (<5 days)
EMP0459,Employee_459,Male,49,Finance,Specialist,130022,16825,3,63,89.2,15,35,Hybrid,Referral,2,No,0,40-49,High (>$120k),Good,Medium (5-15 days)
EMP0460,Employee_460,Male,23,Finance,Executive,153892,10073,3,26,84.6,22,8,Hybrid,Website,1,Yes,1,<30 (Gen Z/Young Millennial),High (>$120k),Needs Attention,High (>15 days)
EMP0461,Employee_461,Male,56,Finance,Director,131632,2646,5,28,93.9,10,35,Remote,Agency,3,No,0,50+,High (>$120k),Good,Medium (5-15 days)
EMP0462,Employee_462,Female,58,Sales,Analyst,146651,5209,3,79,82.6,16,37,On-site,Agency,5,No,0,50+,High (>$120k),Needs Attention,High (>15 days)
EMP0463,Employee_463,Female,26,Sales,Analyst,111128,6533,3,43,89.8,22,39,Hybrid,LinkedIn,3,No,0,<30 (Gen Z/Young Millennial),Medium ($70k-$120k),Good,High (>15 days)
EMP0464,Employee_464,Female,22,HR,Specialist,58108,7211,5,93,88.4,18,28,On-site,LinkedIn,5,No,0,<30 (Gen Z/Young Millennial),Low (<$70k),Good,High (>15 days)
EMP0465,Employee_465,Female,33,Finance,Executive,92495,9927,3,34,75.1,10,23,Hybrid,Agency,5,No,0,30-39,Medium ($70k-$120k),Needs Attention,Medium (5-15 days)
EMP0466,Employee_466,Male,57,Operations,Analyst,122806,11927,4,77,76.8,27,4,Remote,Agency,5,No,0,50+,High (>$120k),Needs Attention,High (>15 days)
EMP0467,Employee_467,Male,44,IT,Analyst,133185,19029,3,83,82.3,7,25,On-site,Referral,4,No,0,40-49,High (>$120k),Needs Attention,Medium (5-15 days)
EMP0468,Employee_468,Female,52,HR,Director,116533,9316,4,83,97.1,21,13,Hybrid,Agency,4,No,0,50+,Medium ($70k-$120k),Excellent,High (>15 days)
EMP0469,Employee_469,Male,32,Sales,Manager,139025,12177,3,97,78.7,3,38,Hybrid,Website,5,No,0,30-39,High (>$120k),Needs Attention,Low (<5 days)
EMP0470,Employee_470,Female,31,HR,Specialist,96830,10846,4,94,92.8,10,28,Hybrid,Referral,1,No,0,30-39,Medium ($70k-$120k),Good,Medium (5-15 days)
EMP0471,Employee_471,Male,24,HR,Specialist,114640,7933,3,20,99.3,7,5,Hybrid,Website,5,Yes,1,<30 (Gen Z/Young Millennial),Medium ($70k-$120k),Excellent,Medium (5-15 days)
EMP0472,Employee_472,Female,35,HR,Manager,92509,5476,3,25,94.8,8,6,Remote,Website,2,Yes,1,30-39,Medium ($70k-$120k),Good,Medium (5-15 days)
EMP0473,Employee_473,Male,37,HR,Analyst,106406,13853,4,99,81.1,25,36,Hybrid,Website,5,No,0,30-39,Medium ($70k-$120k),Needs Attention,High (>15 days)
EMP0474,Employee_474,Female,31,IT,Director,134220,7928,3,70,97.7,1,17,Hybrid,Agency,4,Yes,1,30-39,High (>$120k),Excellent,Low (<5 days)
EMP0475,Employee_475,Female,50,Finance,Director,79519,2080,3,89,77.3,15,22,Remote,LinkedIn,4,No,0,50+,Medium ($70k-$120k),Needs Attention,Medium (5-15 days)
EMP0476,Employee_476,Non-Binary,31,Operations,Specialist,89649,6089,3,16,86.7,5,37,Hybrid,LinkedIn,2,No,0,30-39,Medium ($70k-$120k),Good,Low (<5 days)
EMP0477,Employee_477,Male,33,HR,Director,74524,7797,3,25,97.2,20,0,On-site,Website,2,No,0,30-39,Medium ($70k-$120k),Excellent,High (>15 days)
EMP0478,Employee_478,Female,51,HR,Manager,136493,17245,3,25,91,20,3,On-site,Agency,3,No,0,50+,High (>$120k),Good,High (>15 days)
EMP0479,Employee_479,Female,22,HR,Analyst,73885,8346,2,49,85.3,25,34,Hybrid,Referral,1,No,0,<30 (Gen Z/Young Millennial),Medium ($70k-$120k),Good,High (>15 days)
EMP0480,Employee_480,Female,26,Finance,Manager,84369,19878,3,21,82.3,26,22,Remote,Website,1,Yes,1,<30 (Gen Z/Young Millennial),Medium ($70k-$120k),Needs Attention,High (>15 days)
EMP0481,Employee_481,Female,41,Sales,Executive,141132,904,3,44,84.4,18,26,Remote,Referral,1,Yes,1,40-49,High (>$120k),Needs Attention,High (>15 days)
EMP0482,Employee_482,Female,29,Sales,Specialist,135402,17653,3,30,87.7,27,25,Remote,Referral,4,Yes,1,<30 (Gen Z/Young Millennial),High (>$120k),Good,High (>15 days)
EMP0483,Employee_483,Male,33,IT,Director,70676,16788,3,59,83,7,7,Hybrid,Agency,1,No,0,30-39,Medium ($70k-$120k),Needs Attention,Medium (5-15 days)
EMP0484,Employee_484,Female,22,Sales,Executive,104093,9974,3,52,99.2,13,15,Hybrid,Agency,3,Yes,1,<30 (Gen Z/Young Millennial),Medium ($70k-$120k),Excellent,Medium (5-15 days)
EMP0485,Employee_485,Female,41,HR,Director,87764,1184,2,26,98.3,23,2,On-site,LinkedIn,3,No,0,40-49,Medium ($70k-$120k),Excellent,High (>15 days)
EMP0486,Employee_486,Female,49,HR,Analyst,90799,1725,3,41,96.8,15,31,Remote,LinkedIn,1,Yes,1,40-49,Medium ($70k-$120k),Excellent,Medium (5-15 days)
EMP0487,Employee_487,Male,58,HR,Analyst,119414,11380,4,50,85.5,11,4,Hybrid,Agency,2,Yes,1,50+,Medium ($70k-$120k),Good,Medium (5-15 days)
EMP0488,Employee_488,Male,58,IT,Analyst,145296,13057,3,15,92.3,4,19,Hybrid,Website,3,No,0,50+,High (>$120k),Good,Low (<5 days)
EMP0489,Employee_489,Female,33,HR,Director,133095,5606,3,97,97.6,23,13,Hybrid,LinkedIn,2,No,0,30-39,High (>$120k),Excellent,High (>15 days)
EMP0490,Employee_490,Female,58,Sales,Executive,152082,3956,3,36,96.3,25,31,Remote,Referral,4,No,0,50+,High (>$120k),Excellent,High (>15 days)
EMP0491,Employee_491,Male,49,Finance,Analyst,112307,16555,3,29,85.4,23,25,Remote,Website,3,No,0,40-49,Medium ($70k-$120k),Good,High (>15 days)
EMP0492,Employee_492,Female,36,Finance,Executive,122062,18690,3,34,77.8,18,5,On-site,Referral,2,No,0,30-39,High (>$120k),Needs Attention,High (>15 days)
EMP0493,Employee_493,Male,27,Operations,Director,135432,16081,3,75,76.9,17,35,Remote,Agency,1,No,0,<30 (Gen Z/Young Millennial),High (>$120k),Needs Attention,High (>15 days)
EMP0494,Employee_494,Male,41,Sales,Executive,71923,421,3,18,89.4,8,39,Hybrid,Referral,4,No,0,40-49,Medium ($70k-$120k),Good,Medium (5-15 days)
EMP0495,Employee_495,Male,35,HR,Director,157449,5540,1,62,91.1,1,4,On-site,Website,5,No,0,30-39,High (>$120k),Good,Low (<5 days)
EMP0496,Employee_496,Male,23,Finance,Director,141739,16288,3,70,96.2,24,12,Remote,Agency,5,No,0,<30 (Gen Z/Young Millennial),High (>$120k),Excellent,High (>15 days)
EMP0497,Employee_497,Female,30,Sales,Specialist,144926,15966,3,47,82.3,19,31,Remote,Website,1,No,0,30-39,High (>$120k),Needs Attention,High (>15 days)
EMP0498,Employee_498,Male,58,Finance,Director,118388,15882,1,12,79.2,11,15,Remote,Referral,4,No,0,50+,Medium ($70k-$120k),Needs Attention,Medium (5-15 days)
EMP0499,Employee_499,Non-Binary,41,HR,Director,87574,4675,3,93,84.5,28,0,Remote,Website,4,No,0,40-49,Medium ($70k-$120k),Needs Attention,High (>15 days)
EMP0500,Employee_500,Non-Binary,47,Finance,Manager,83391,9082,5,79,83.8,1,12,Hybrid,Agency,4,Yes,1,40-49,Medium ($70k-$120k),Needs Attention,Low (<5 days)
EMP0501,Employee_501,Female,50,Operations,Analyst,93664,13009,3,64,78.3,9,10,Remote,Referral,4,No,0,50+,Medium ($70k-$120k),Needs Attention,Medium (5-15 days)
EMP0502,Employee_502,Female,22,Operations,Specialist,107384,6748,3,10,91.8,0,7,Hybrid,Referral,5,No,0,<30 (Gen Z/Young Millennial),Medium ($70k-$120k),Good,Low (<5 days)
EMP0503,Employee_503,Male,56,Finance,Specialist,71027,6103,4,79,87.7,3,24,Hybrid,LinkedIn,2,No,0,50+,Medium ($70k-$120k),Good,Low (<5 days)
EMP0504,Employee_504,Female,27,Sales,Specialist,75464,17857,3,54,93,24,39,Hybrid,LinkedIn,4,Yes,1,<30 (Gen Z/Young Millennial),Medium ($70k-$120k),Good,High (>15 days)
EMP0505,Employee_505,Female,58,Sales,Manager,74485,19627,3,56,83.8,11,31,On-site,Website,2,No,0,50+,Medium ($70k-$120k),Needs Attention,Medium (5-15 days)
EMP0506,Employee_506,Male,26,Sales,Director,59456,18565,4,88,83.1,8,23,Hybrid,LinkedIn,4,Yes,1,<30 (Gen Z/Young Millennial),Low (<$70k),Needs Attention,Medium (5-15 days)
EMP0507,Employee_507,Female,54,Finance,Analyst,114795,19480,4,35,86.8,3,27,Remote,LinkedIn,3,No,0,50+,Medium ($70k-$120k),Good,Low (<5 days)
EMP0508,Employee_508,Female,35,Sales,Executive,75554,11348,3,23,96.9,8,13,On-site,LinkedIn,3,Yes,1,30-39,Medium ($70k-$120k),Excellent,Medium (5-15 days)
EMP0509,Employee_509,Female,33,HR,Director,86922,9782,3,63,76,27,2,Remote,LinkedIn,3,No,0,30-39,Medium ($70k-$120k),Needs Attention,High (>15 days)
EMP0510,Employee_510,Female,41,Operations,Manager,53409,5882,3,80,95.1,5,35,Hybrid,Agency,4,No,0,40-49,Low (<$70k),Excellent,Low (<5 days)
EMP0511,Employee_511,Female,45,HR,Director,109327,5798,5,55,84.2,0,26,Remote,Agency,2,Yes,1,40-49,Medium ($70k-$120k),Needs Attention,Low (<5 days)
EMP0512,Employee_512,Male,55,Sales,Director,131400,9627,3,40,96.4,9,19,On-site,LinkedIn,5,No,0,50+,High (>$120k),Excellent,Medium (5-15 days)
EMP0513,Employee_513,Female,46,HR,Manager,76639,8415,2,97,95.1,28,14,On-site,Website,1,No,0,40-49,Medium ($70k-$120k),Excellent,High (>15 days)
EMP0514,Employee_514,Female,50,Sales,Specialist,140110,12466,4,68,83.7,13,26,Remote,Agency,5,Yes,1,50+,High (>$120k),Needs Attention,Medium (5-15 days)
EMP0515,Employee_515,Male,52,Finance,Specialist,103627,9846,3,38,92.3,21,27,Remote,LinkedIn,4,No,0,50+,Medium ($70k-$120k),Good,High (>15 days)
EMP0516,Employee_516,Male,44,HR,Analyst,123424,12720,2,26,79,24,24,Remote,Agency,3,No,0,40-49,High (>$120k),Needs Attention,High (>15 days)
EMP0517,Employee_517,Male,59,Finance,Analyst,59692,9145,3,23,97.4,28,32,On-site,Referral,3,No,0,50+,Low (<$70k),Excellent,High (>15 days)
EMP0518,Employee_518,Female,41,Finance,Specialist,129037,4524,3,45,85.1,17,13,Hybrid,Agency,2,Yes,1,40-49,High (>$120k),Good,High (>15 days)
EMP0519,Employee_519,Non-Binary,44,IT,Executive,118840,6559,4,67,86.4,5,7,Remote,Agency,4,No,0,40-49,Medium ($70k-$120k),Good,Low (<5 days)
EMP0520,Employee_520,Male,37,Sales,Director,94200,7620,3,33,92.6,17,13,Hybrid,Website,5,No,0,30-39,Medium ($70k-$120k),Good,High (>15 days)
EMP0521,Employee_521,Female,29,Operations,Executive,133063,19158,4,72,95.5,19,0,On-site,Agency,4,No,0,<30 (Gen Z/Young Millennial),High (>$120k),Excellent,High (>15 days)
EMP0522,Employee_522,Male,42,Sales,Director,97415,3124,3,34,80.9,15,15,Remote,Website,4,No,0,40-49,Medium ($70k-$120k),Needs Attention,Medium (5-15 days)
EMP0523,Employee_523,Female,22,Operations,Specialist,58074,8671,2,68,91.5,14,17,Remote,Referral,3,No,0,<30 (Gen Z/Young Millennial),Low (<$70k),Good,Medium (5-15 days)
EMP0524,Employee_524,Female,29,Sales,Analyst,55549,11706,5,41,84.8,15,6,On-site,LinkedIn,5,Yes,1,<30 (Gen Z/Young Millennial),Low (<$70k),Needs Attention,Medium (5-15 days)
EMP0525,Employee_525,Female,50,Finance,Analyst,69963,17737,3,91,84.2,7,14,Remote,Website,1,Yes,1,50+,Low (<$70k),Needs Attention,Medium (5-15 days)
EMP0526,Employee_526,Male,53,HR,Executive,131456,12070,3,27,92.3,12,23,Hybrid,Agency,3,No,0,50+,High (>$120k),Good,Medium (5-15 days)
EMP0527,Employee_527,Male,59,HR,Analyst,136362,8134,3,46,84.7,22,12,On-site,Agency,5,No,0,50+,High (>$120k),Needs Attention,High (>15 days)
EMP0528,Employee_528,Male,26,IT,Specialist,141607,924,4,35,83.7,10,8,On-site,Website,2,Yes,1,<30 (Gen Z/Young Millennial),High (>$120k),Needs Attention,Medium (5-15 days)
EMP0529,Employee_529,Male,43,Operations,Executive,92265,18554,3,18,95.9,27,14,Remote,Referral,3,No,0,40-49,Medium ($70k-$120k),Excellent,High (>15 days)
EMP0530,Employee_530,Female,55,Operations,Director,56061,5506,3,73,77.5,28,34,On-site,LinkedIn,2,No,0,50+,Low (<$70k),Needs Attention,High (>15 days)
EMP0531,Employee_531,Female,22,Operations,Analyst,98226,13650,2,81,91.9,24,23,Remote,Agency,3,No,0,<30 (Gen Z/Young Millennial),Medium ($70k-$120k),Good,High (>15 days)
EMP0532,Employee_532,Non-Binary,47,Finance,Manager,68810,2395,3,29,81.2,6,32,Remote,Referral,4,Yes,1,40-49,Low (<$70k),Needs Attention,Medium (5-15 days)
EMP0533,Employee_533,Non-Binary,31,Operations,Analyst,100006,15310,4,63,75.4,16,15,On-site,LinkedIn,5,Yes,1,30-39,Medium ($70k-$120k),Needs Attention,High (>15 days)
EMP0534,Employee_534,Female,51,HR,Director,153502,8226,3,95,79.2,17,7,Remote,LinkedIn,2,No,0,50+,High (>$120k),Needs Attention,High (>15 days)
EMP0535,Employee_535,Female,39,Finance,Executive,62800,11781,3,92,90.2,21,28,Hybrid,Agency,3,No,0,30-39,Low (<$70k),Good,High (>15 days)
EMP0536,Employee_536,Female,38,Sales,Director,156192,5515,3,39,92.7,22,22,Hybrid,Website,2,No,0,30-39,High (>$120k),Good,High (>15 days)
EMP0537,Employee_537,Female,47,Operations,Manager,148959,19054,3,62,75.5,18,30,Remote,Agency,3,No,0,40-49,High (>$120k),Needs Attention,High (>15 days)
EMP0538,Employee_538,Male,29,Operations,Specialist,147228,3365,4,72,75.9,24,39,Hybrid,Agency,3,No,0,<30 (Gen Z/Young Millennial),High (>$120k),Needs Attention,High (>15 days)
EMP0539,Employee_539,Male,33,Sales,Analyst,115476,16972,3,20,97.6,12,13,Remote,Agency,1,No,0,30-39,Medium ($70k-$120k),Excellent,Medium (5-15 days)
EMP0540,Employee_540,Male,48,Operations,Executive,109460,11410,5,40,76.8,14,29,Hybrid,Referral,1,No,0,40-49,Medium ($70k-$120k),Needs Attention,Medium (5-15 days)
EMP0541,Employee_541,Female,29,Sales,Specialist,97767,19522,3,58,97.4,22,38,On-site,Website,1,No,0,<30 (Gen Z/Young Millennial),Medium ($70k-$120k),Excellent,High (>15 days)
EMP0542,Employee_542,Female,46,Finance,Director,68054,9095,3,96,80.7,29,26,Remote,Referral,2,No,0,40-49,Low (<$70k),Needs Attention,High (>15 days)
EMP0543,Employee_543,Male,25,HR,Executive,115319,10361,4,28,93.5,21,15,Remote,Agency,4,No,0,<30 (Gen Z/Young Millennial),Medium ($70k-$120k),Good,High (>15 days)
EMP0544,Employee_544,Female,54,Sales,Specialist,142789,8531,3,21,82.7,28,5,Remote,Website,3,No,0,50+,High (>$120k),Needs Attention,High (>15 days)
EMP0545,Employee_545,Female,22,IT,Executive,85397,4270,3,24,96.5,21,32,Remote,LinkedIn,5,No,0,<30 (Gen Z/Young Millennial),Medium ($70k-$120k),Excellent,High (>15 days)
EMP0546,Employee_546,Male,40,Sales,Manager,53233,9906,5,40,92.5,0,17,Remote,Website,1,No,0,40-49,Low (<$70k),Good,Low (<5 days)
EMP0547,Employee_547,Male,52,Operations,Manager,151205,16940,2,52,85,28,15,Remote,Agency,2,No,0,50+,High (>$120k),Good,High (>15 days)
EMP0548,Employee_548,Female,37,Finance,Analyst,130020,11279,2,46,76.9,15,11,On-site,Website,2,No,0,30-39,High (>$120k),Needs Attention,Medium (5-15 days)
EMP0549,Employee_549,Female,35,Finance,Analyst,65068,5452,3,88,93.3,4,19,On-site,LinkedIn,2,No,0,30-39,Low (<$70k),Good,Low (<5 days)
EMP0550,Employee_550,Female,26,Sales,Manager,105727,19951,3,38,90.4,25,39,Hybrid,LinkedIn,5,No,0,<30 (Gen Z/Young Millennial),Medium ($70k-$120k),Good,High (>15 days)
EMP0551,Employee_551,Female,47,HR,Executive,130610,6477,3,35,75.1,2,28,Remote,Website,5,No,0,40-49,High (>$120k),Needs Attention,Low (<5 days)
EMP0552,Employee_552,Female,49,IT,Manager,110453,17400,1,11,75.2,22,29,Hybrid,LinkedIn,1,No,0,40-49,Medium ($70k-$120k),Needs Attention,High (>15 days)
EMP0553,Employee_553,Female,23,Finance,Analyst,144135,6470,1,93,95.2,9,25,Hybrid,Referral,5,No,0,<30 (Gen Z/Young Millennial),High (>$120k),Excellent,Medium (5-15 days)
EMP0554,Employee_554,Female,27,Operations,Manager,65832,2062,4,24,81.5,18,21,On-site,Website,1,No,0,<30 (Gen Z/Young Millennial),Low (<$70k),Needs Attention,High (>15 days)
EMP0555,Employee_555,Female,30,Operations,Manager,148464,9030,2,13,90.9,4,32,Hybrid,LinkedIn,5,No,0,30-39,High (>$120k),Good,Low (<5 days)
EMP0556,Employee_556,Male,54,HR,Executive,126242,19880,3,95,86.4,6,38,On-site,LinkedIn,5,No,0,50+,High (>$120k),Good,Medium (5-15 days)
EMP0557,Employee_557,Male,46,Finance,Specialist,53682,1813,3,59,96.6,13,28,Hybrid,Website,5,No,0,40-49,Low (<$70k),Excellent,Medium (5-15 days)
EMP0558,Employee_558,Male,34,Sales,Analyst,132298,11671,3,47,97.9,2,21,Remote,Referral,1,No,0,30-39,High (>$120k),Excellent,Low (<5 days)
EMP0559,Employee_559,Female,30,Operations,Executive,63383,14308,1,32,99.9,12,12,Hybrid,Website,3,No,0,30-39,Low (<$70k),Excellent,Medium (5-15 days)
EMP0560,Employee_560,Female,34,HR,Manager,98160,2313,4,68,78.8,12,8,On-site,LinkedIn,1,No,0,30-39,Medium ($70k-$120k),Needs Attention,Medium (5-15 days)
EMP0561,Employee_561,Female,52,Finance,Manager,133332,9706,1,99,96.6,9,23,On-site,Website,3,No,0,50+,High (>$120k),Excellent,Medium (5-15 days)
EMP0562,Employee_562,Male,32,Finance,Specialist,63666,17615,4,84,81.7,1,14,On-site,LinkedIn,2,No,0,30-39,Low (<$70k),Needs Attention,Low (<5 days)
EMP0563,Employee_563,Male,25,Finance,Analyst,98817,9837,4,37,89.8,5,35,Hybrid,Agency,2,Yes,1,<30 (Gen Z/Young Millennial),Medium ($70k-$120k),Good,Low (<5 days)
EMP0564,Employee_564,Male,55,Finance,Analyst,131198,5831,3,75,87.6,7,12,Hybrid,Website,1,No,0,50+,High (>$120k),Good,Medium (5-15 days)
EMP0565,Employee_565,Male,59,Finance,Director,150695,19383,3,17,75.4,3,26,On-site,Website,3,No,0,50+,High (>$120k),Needs Attention,Low (<5 days)
EMP0566,Employee_566,Female,25,Operations,Analyst,74642,19824,3,38,98.3,24,36,Remote,LinkedIn,3,No,0,<30 (Gen Z/Young Millennial),Medium ($70k-$120k),Excellent,High (>15 days)
EMP0567,Employee_567,Male,59,HR,Specialist,81830,4056,3,20,77,11,6,Remote,LinkedIn,3,Yes,1,50+,Medium ($70k-$120k),Needs Attention,Medium (5-15 days)
EMP0568,Employee_568,Male,40,Finance,Director,143067,305,4,27,92.2,27,7,Hybrid,LinkedIn,2,Yes,1,40-49,High (>$120k),Good,High (>15 days)
EMP0569,Employee_569,Female,27,IT,Director,50234,14347,4,64,94.6,14,36,Hybrid,LinkedIn,1,No,0,<30 (Gen Z/Young Millennial),Low (<$70k),Good,Medium (5-15 days)
EMP0570,Employee_570,Male,55,IT,Manager,97616,1689,3,59,94.9,7,13,On-site,Website,4,No,0,50+,Medium ($70k-$120k),Good,Medium (5-15 days)
EMP0571,Employee_571,Male,39,HR,Manager,49221,3917,3,23,78.4,6,11,Hybrid,LinkedIn,3,No,0,30-39,Low (<$70k),Needs Attention,Medium (5-15 days)
EMP0572,Employee_572,Female,34,Sales,Analyst,51410,2936,4,83,86.2,13,35,Hybrid,Website,3,No,0,30-39,Low (<$70k),Good,Medium (5-15 days)
EMP0573,Employee_573,Male,44,Sales,Director,120055,3862,5,18,95.7,22,39,On-site,Referral,4,No,0,40-49,High (>$120k),Excellent,High (>15 days)
EMP0574,Employee_574,Female,40,Sales,Manager,101413,14506,3,20,82.6,18,16,On-site,Website,1,No,0,40-49,Medium ($70k-$120k),Needs Attention,High (>15 days)
EMP0575,Employee_575,Female,32,IT,Specialist,41051,14318,3,72,86.7,13,39,Hybrid,LinkedIn,3,No,0,30-39,Low (<$70k),Good,Medium (5-15 days)
EMP0576,Employee_576,Female,22,Sales,Manager,150529,15300,3,85,81.8,21,28,Remote,LinkedIn,1,No,0,<30 (Gen Z/Young Millennial),High (>$120k),Needs Attention,High (>15 days)
EMP0577,Employee_577,Male,45,Operations,Manager,115301,5649,5,76,86.6,12,26,Hybrid,Referral,3,Yes,1,40-49,Medium ($70k-$120k),Good,Medium (5-15 days)
EMP0578,Employee_578,Female,28,Finance,Director,116918,19645,2,62,97.2,28,0,Remote,Website,5,No,0,<30 (Gen Z/Young Millennial),Medium ($70k-$120k),Excellent,High (>15 days)
EMP0579,Employee_579,Male,46,IT,Director,118116,18203,3,48,86.4,20,33,Remote,Referral,3,No,0,40-49,Medium ($70k-$120k),Good,High (>15 days)
EMP0580,Employee_580,Male,42,HR,Executive,96563,15674,3,87,88.9,0,3,Remote,Website,5,No,0,40-49,Medium ($70k-$120k),Good,Low (<5 days)
EMP0581,Employee_581,Male,36,HR,Specialist,137859,17726,3,65,85.1,26,23,On-site,LinkedIn,1,No,0,30-39,High (>$120k),Good,High (>15 days)
EMP0582,Employee_582,Non-Binary,22,Finance,Director,84757,5560,3,37,86.5,18,20,On-site,Website,3,No,0,<30 (Gen Z/Young Millennial),Medium ($70k-$120k),Good,High (>15 days)
EMP0583,Employee_583,Male,33,IT,Analyst,117475,15451,5,84,75.4,28,32,On-site,LinkedIn,2,No,0,30-39,Medium ($70k-$120k),Needs Attention,High (>15 days)
EMP0584,Employee_584,Male,28,Sales,Specialist,91257,18610,2,48,82.1,27,6,Hybrid,LinkedIn,2,No,0,<30 (Gen Z/Young Millennial),Medium ($70k-$120k),Needs Attention,High (>15 days)
EMP0585,Employee_585,Female,36,Sales,Specialist,135500,1079,3,34,85.9,0,0,On-site,Agency,4,No,0,30-39,High (>$120k),Good,Low (<5 days)
EMP0586,Employee_586,Male,42,Operations,Director,40307,13983,2,30,90.8,3,2,On-site,Agency,2,No,0,40-49,Low (<$70k),Good,Low (<5 days)
EMP0587,Employee_587,Male,40,Operations,Specialist,96889,15327,3,19,86.3,9,14,Hybrid,Website,5,Yes,1,40-49,Medium ($70k-$120k),Good,Medium (5-15 days)
EMP0588,Employee_588,Male,50,Sales,Director,108895,12755,3,52,83.4,2,30,Hybrid,LinkedIn,2,No,0,50+,Medium ($70k-$120k),Needs Attention,Low (<5 days)
EMP0589,Employee_589,Male,46,HR,Manager,135184,7235,3,24,84.7,26,15,Remote,Referral,2,Yes,1,40-49,High (>$120k),Needs Attention,High (>15 days)
EMP0590,Employee_590,Male,54,HR,Executive,75944,17197,3,92,81.1,19,9,Hybrid,LinkedIn,2,Yes,1,50+,Medium ($70k-$120k),Needs Attention,High (>15 days)
EMP0591,Employee_591,Male,53,Operations,Manager,139555,2031,3,57,98.1,8,28,Hybrid,Referral,3,No,0,50+,High (>$120k),Excellent,Medium (5-15 days)
EMP0592,Employee_592,Female,56,Finance,Director,78134,8514,2,95,88,2,5,On-site,Website,4,No,0,50+,Medium ($70k-$120k),Good,Low (<5 days)
EMP0593,Employee_593,Male,59,Sales,Director,67323,9095,3,30,75.3,27,28,Remote,Website,1,No,0,50+,Low (<$70k),Needs Attention,High (>15 days)
EMP0594,Employee_594,Male,47,Operations,Manager,156205,14287,5,69,75.5,5,16,Remote,Referral,4,No,0,40-49,High (>$120k),Needs Attention,Low (<5 days)
EMP0595,Employee_595,Female,32,Operations,Analyst,111762,5911,4,59,99.3,5,21,Hybrid,Referral,5,No,0,30-39,Medium ($70k-$120k),Excellent,Low (<5 days)
EMP0596,Employee_596,Male,56,Sales,Analyst,127225,11695,3,32,80.5,22,23,On-site,LinkedIn,3,No,0,50+,High (>$120k),Needs Attention,High (>15 days)
EMP0597,Employee_597,Female,29,Sales,Analyst,136507,19037,3,22,95.1,24,16,On-site,Website,3,No,0,<30 (Gen Z/Young Millennial),High (>$120k),Excellent,High (>15 days)
EMP0598,Employee_598,Male,35,HR,Director,65954,3340,4,78,76.5,11,20,On-site,LinkedIn,2,No,0,30-39,Low (<$70k),Needs Attention,Medium (5-15 days)
EMP0599,Employee_599,Male,31,Finance,Specialist,95021,7876,1,13,98,22,10,On-site,Referral,2,No,0,30-39,Medium ($70k-$120k),Excellent,High (>15 days)
EMP0600,Employee_600,Male,23,Finance,Director,129959,15896,4,87,96.9,29,6,Hybrid,Agency,5,No,0,<30 (Gen Z/Young Millennial),High (>$120k),Excellent,High (>15 days)
EMP0601,Employee_601,Male,30,Sales,Specialist,135927,12435,4,81,89.3,0,38,On-site,Agency,3,No,0,30-39,High (>$120k),Good,Low (<5 days)
EMP0602,Employee_602,Male,24,IT,Manager,119866,1141,2,18,75.2,15,4,Remote,Agency,1,No,0,<30 (Gen Z/Young Millennial),Medium ($70k-$120k),Needs Attention,Medium (5-15 days)
EMP0603,Employee_603,Male,42,Operations,Executive,110427,19281,3,44,81.4,23,20,Remote,Referral,4,Yes,1,40-49,Medium ($70k-$120k),Needs Attention,High (>15 days)
EMP0604,Employee_604,Male,47,Operations,Specialist,44992,9281,5,30,85.2,4,17,Hybrid,LinkedIn,3,No,0,40-49,Low (<$70k),Good,Low (<5 days)
EMP0605,Employee_605,Male,29,Sales,Analyst,41961,2038,3,67,86.5,8,34,On-site,Website,1,Yes,1,<30 (Gen Z/Young Millennial),Low (<$70k),Good,Medium (5-15 days)
EMP0606,Employee_606,Male,23,IT,Director,52497,4270,1,27,82.4,9,19,On-site,Referral,1,No,0,<30 (Gen Z/Young Millennial),Low (<$70k),Needs Attention,Medium (5-15 days)
EMP0607,Employee_607,Male,27,HR,Manager,157551,10046,3,81,75.8,12,14,On-site,Agency,4,No,0,<30 (Gen Z/Young Millennial),High (>$120k),Needs Attention,Medium (5-15 days)
EMP0608,Employee_608,Male,49,Sales,Analyst,72551,4683,3,90,89.8,14,4,On-site,LinkedIn,1,No,0,40-49,Medium ($70k-$120k),Good,Medium (5-15 days)
EMP0609,Employee_609,Male,50,Sales,Manager,116384,16878,3,52,88.1,11,12,Hybrid,Website,5,No,0,50+,Medium ($70k-$120k),Good,Medium (5-15 days)
EMP0610,Employee_610,Female,47,Operations,Executive,95755,7116,3,15,82.1,4,11,On-site,Website,1,No,0,40-49,Medium ($70k-$120k),Needs Attention,Low (<5 days)
EMP0611,Employee_611,Male,46,Sales,Director,53255,1784,5,95,75.9,4,20,Hybrid,Referral,5,No,0,40-49,Low (<$70k),Needs Attention,Low (<5 days)
EMP0612,Employee_612,Female,33,Sales,Director,44567,19894,3,87,99.9,27,36,On-site,Referral,1,No,0,30-39,Low (<$70k),Excellent,High (>15 days)
EMP0613,Employee_613,Female,26,Sales,Executive,88847,3786,3,76,87,27,5,On-site,Website,2,No,0,<30 (Gen Z/Young Millennial),Medium ($70k-$120k),Good,High (>15 days)
EMP0614,Employee_614,Male,55,Operations,Director,144817,9190,3,21,93.9,29,6,Remote,Website,1,No,0,50+,High (>$120k),Good,High (>15 days)
EMP0615,Employee_615,Female,58,HR,Specialist,88003,5428,3,21,86.3,17,25,Hybrid,Agency,5,No,0,50+,Medium ($70k-$120k),Good,High (>15 days)
EMP0616,Employee_616,Female,36,HR,Manager,60389,6681,3,75,76.1,11,7,Remote,Website,1,No,0,30-39,Low (<$70k),Needs Attention,Medium (5-15 days)
EMP0617,Employee_617,Male,57,Sales,Analyst,84523,6893,5,11,82.7,26,8,Hybrid,Referral,1,No,0,50+,Medium ($70k-$120k),Needs Attention,High (>15 days)
EMP0618,Employee_618,Male,36,Operations,Executive,101576,12661,4,24,83,2,26,On-site,LinkedIn,1,No,0,30-39,Medium ($70k-$120k),Needs Attention,Low (<5 days)
EMP0619,Employee_619,Female,44,HR,Specialist,83919,14892,3,32,96,25,3,On-site,Agency,5,No,0,40-49,Medium ($70k-$120k),Excellent,High (>15 days)
EMP0620,Employee_620,Female,27,HR,Analyst,122103,9643,3,38,91.4,24,20,Hybrid,Agency,1,No,0,<30 (Gen Z/Young Millennial),High (>$120k),Good,High (>15 days)
EMP0621,Employee_621,Male,42,HR,Analyst,43358,9943,3,90,81.9,6,30,Remote,Website,4,No,0,40-49,Low (<$70k),Needs Attention,Medium (5-15 days)
EMP0622,Employee_622,Male,44,Operations,Executive,128535,10472,3,16,99.2,16,20,Hybrid,LinkedIn,4,No,0,40-49,High (>$120k),Excellent,High (>15 days)
EMP0623,Employee_623,Male,37,Operations,Specialist,147894,12992,3,37,83,18,39,Hybrid,Agency,5,No,0,30-39,High (>$120k),Needs Attention,High (>15 days)
EMP0624,Employee_624,Male,36,Sales,Analyst,116524,11126,3,23,100,27,24,On-site,Referral,2,No,0,30-39,Medium ($70k-$120k),Excellent,High (>15 days)
EMP0625,Employee_625,Female,46,Finance,Analyst,145982,6869,5,53,99.9,17,38,Remote,Website,4,Yes,1,40-49,High (>$120k),Excellent,High (>15 days)
EMP0626,Employee_626,Male,57,HR,Specialist,137057,7669,3,39,79.8,0,14,Hybrid,Referral,3,No,0,50+,High (>$120k),Needs Attention,Low (<5 days)
EMP0627,Employee_627,Male,32,Finance,Director,45698,11538,3,90,82.8,24,34,Remote,Website,4,Yes,1,30-39,Low (<$70k),Needs Attention,High (>15 days)
EMP0628,Employee_628,Female,36,Operations,Analyst,106809,10065,4,41,87.2,23,36,Remote,Agency,3,No,0,30-39,Medium ($70k-$120k),Good,High (>15 days)
EMP0629,Employee_629,Male,25,Operations,Manager,133079,10171,3,79,91.6,4,27,Hybrid,Website,5,Yes,1,<30 (Gen Z/Young Millennial),High (>$120k),Good,Low (<5 days)
EMP0630,Employee_630,Male,42,Operations,Specialist,95805,17696,3,97,88.2,26,13,Remote,LinkedIn,2,No,0,40-49,Medium ($70k-$120k),Good,High (>15 days)
EMP0631,Employee_631,Female,34,Finance,Analyst,71349,2962,3,15,99.2,27,3,On-site,Referral,3,No,0,30-39,Medium ($70k-$120k),Excellent,High (>15 days)
EMP0632,Employee_632,Female,43,Operations,Executive,116777,13851,3,36,93.1,1,19,On-site,LinkedIn,3,Yes,1,40-49,Medium ($70k-$120k),Good,Low (<5 days)
EMP0633,Employee_633,Male,40,Sales,Manager,90248,19322,4,91,80.3,0,33,On-site,Referral,4,No,0,40-49,Medium ($70k-$120k),Needs Attention,Low (<5 days)
EMP0634,Employee_634,Female,55,Operations,Analyst,115033,12979,3,97,77.6,6,11,On-site,Referral,3,No,0,50+,Medium ($70k-$120k),Needs Attention,Medium (5-15 days)
EMP0635,Employee_635,Male,35,IT,Manager,147411,19581,4,33,92.2,28,32,Remote,Website,5,No,0,30-39,High (>$120k),Good,High (>15 days)
EMP0636,Employee_636,Male,25,Finance,Manager,138239,5296,3,43,79,10,23,On-site,Agency,5,No,0,<30 (Gen Z/Young Millennial),High (>$120k),Needs Attention,Medium (5-15 days)
EMP0637,Employee_637,Female,48,IT,Director,84041,14745,3,49,94.7,10,19,Hybrid,Agency,5,No,0,40-49,Medium ($70k-$120k),Good,Medium (5-15 days)
EMP0638,Employee_638,Male,50,Operations,Manager,71954,5730,4,56,82.8,17,4,On-site,LinkedIn,4,Yes,1,50+,Medium ($70k-$120k),Needs Attention,High (>15 days)
EMP0639,Employee_639,Male,49,Sales,Director,48002,13921,3,88,83.2,16,37,Hybrid,Website,2,No,0,40-49,Low (<$70k),Needs Attention,High (>15 days)
EMP0640,Employee_640,Male,56,HR,Specialist,109783,126,3,84,75.3,1,29,Hybrid,Agency,4,No,0,50+,Medium ($70k-$120k),Needs Attention,Low (<5 days)
EMP0641,Employee_641,Male,29,Operations,Director,147524,5602,3,95,92.5,6,23,On-site,Referral,5,No,0,<30 (Gen Z/Young Millennial),High (>$120k),Good,Medium (5-15 days)
EMP0642,Employee_642,Male,37,Sales,Executive,127234,17575,3,33,77.8,6,39,On-site,Referral,4,Yes,1,30-39,High (>$120k),Needs Attention,Medium (5-15 days)
EMP0643,Employee_643,Male,57,Finance,Analyst,59738,19023,1,74,94.3,9,6,Remote,Website,5,Yes,1,50+,Low (<$70k),Good,Medium (5-15 days)
EMP0644,Employee_644,Male,51,IT,Specialist,50703,12581,3,27,87.3,21,35,Hybrid,LinkedIn,1,No,0,50+,Low (<$70k),Good,High (>15 days)
EMP0645,Employee_645,Male,39,IT,Specialist,153776,15997,3,53,94.6,20,37,On-site,Website,1,No,0,30-39,High (>$120k),Good,High (>15 days)
EMP0646,Employee_646,Female,23,IT,Executive,89422,17750,3,85,89.6,2,15,Remote,LinkedIn,3,No,0,<30 (Gen Z/Young Millennial),Medium ($70k-$120k),Good,Low (<5 days)
EMP0647,Employee_647,Female,34,Finance,Director,123106,9211,5,66,77.1,29,14,On-site,Website,2,Yes,1,30-39,High (>$120k),Needs Attention,High (>15 days)
EMP0648,Employee_648,Female,25,Sales,Analyst,101899,14997,3,37,94.1,11,22,On-site,Referral,1,No,0,<30 (Gen Z/Young Millennial),Medium ($70k-$120k),Good,Medium (5-15 days)
EMP0649,Employee_649,Female,47,Finance,Director,52392,6671,4,80,76.7,2,11,On-site,Website,5,No,0,40-49,Low (<$70k),Needs Attention,Low (<5 days)
EMP0650,Employee_650,Male,46,IT,Manager,84724,12271,2,32,87,10,28,Hybrid,Agency,4,No,0,40-49,Medium ($70k-$120k),Good,Medium (5-15 days)
EMP0651,Employee_651,Male,51,Operations,Director,72299,8876,3,94,79.3,28,14,On-site,Agency,4,No,0,50+,Medium ($70k-$120k),Needs Attention,High (>15 days)
EMP0652,Employee_652,Female,32,HR,Specialist,55641,2887,4,43,93.8,11,28,Remote,Website,3,No,0,30-39,Low (<$70k),Good,Medium (5-15 days)
EMP0653,Employee_653,Female,28,Finance,Analyst,119534,9654,3,20,97.8,24,20,On-site,LinkedIn,4,No,0,<30 (Gen Z/Young Millennial),Medium ($70k-$120k),Excellent,High (>15 days)
EMP0654,Employee_654,Female,52,Finance,Director,46305,4086,3,95,88.9,3,14,On-site,LinkedIn,1,No,0,50+,Low (<$70k),Good,Low (<5 days)
EMP0655,Employee_655,Male,31,Sales,Analyst,138262,18645,3,44,88.2,24,13,Remote,Referral,4,No,0,30-39,High (>$120k),Good,High (>15 days)
EMP0656,Employee_656,Male,34,Sales,Analyst,58782,4180,2,51,94.1,15,15,Remote,Referral,1,No,0,30-39,Low (<$70k),Good,Medium (5-15 days)
EMP0657,Employee_657,Male,52,Finance,Manager,118257,2841,3,37,75.1,19,14,Hybrid,LinkedIn,1,No,0,50+,Medium ($70k-$120k),Needs Attention,High (>15 days)
EMP0658,Employee_658,Male,28,IT,Manager,145299,6040,3,91,97.9,17,3,Hybrid,Website,2,No,0,<30 (Gen Z/Young Millennial),High (>$120k),Excellent,High (>15 days)
EMP0659,Employee_659,Female,57,HR,Specialist,117963,19944,4,87,79.9,3,26,Hybrid,Referral,3,No,0,50+,Medium ($70k-$120k),Needs Attention,Low (<5 days)
EMP0660,Employee_660,Female,41,Sales,Executive,152086,10304,3,91,99.6,21,22,Hybrid,LinkedIn,5,No,0,40-49,High (>$120k),Excellent,High (>15 days)
EMP0661,Employee_661,Male,25,IT,Analyst,60566,4758,5,33,93.4,5,28,Remote,LinkedIn,1,Yes,1,<30 (Gen Z/Young Millennial),Low (<$70k),Good,Low (<5 days)
EMP0662,Employee_662,Non-Binary,28,Operations,Executive,107766,17010,5,17,94.4,20,8,On-site,Website,3,No,0,<30 (Gen Z/Young Millennial),Medium ($70k-$120k),Good,High (>15 days)
EMP0663,Employee_663,Female,22,Sales,Specialist,46511,16234,3,62,91.4,14,6,On-site,Agency,5,No,0,<30 (Gen Z/Young Millennial),Low (<$70k),Good,Medium (5-15 days)
EMP0664,Employee_664,Male,34,IT,Analyst,154816,5014,3,81,86.8,0,3,On-site,LinkedIn,4,No,0,30-39,High (>$120k),Good,Low (<5 days)
EMP0665,Employee_665,Male,43,IT,Analyst,147765,1375,4,13,89.3,2,4,Hybrid,Referral,3,No,0,40-49,High (>$120k),Good,Low (<5 days)
EMP0666,Employee_666,Male,42,HR,Executive,158360,1181,5,14,76.2,4,4,Remote,Website,3,No,0,40-49,High (>$120k),Needs Attention,Low (<5 days)
EMP0667,Employee_667,Male,43,HR,Director,66177,490,3,58,90.6,21,10,Remote,Website,3,No,0,40-49,Low (<$70k),Good,High (>15 days)
EMP0668,Employee_668,Male,49,Operations,Manager,44765,3729,3,39,90.7,29,27,Remote,Website,4,No,0,40-49,Low (<$70k),Good,High (>15 days)
EMP0669,Employee_669,Male,30,IT,Director,60354,5974,3,81,97.3,16,15,On-site,Agency,4,No,0,30-39,Low (<$70k),Excellent,High (>15 days)
EMP0670,Employee_670,Male,47,IT,Executive,63929,19918,3,72,87.6,29,29,Hybrid,Agency,3,No,0,40-49,Low (<$70k),Good,High (>15 days)
EMP0671,Employee_671,Male,30,HR,Manager,68820,19680,3,56,76.9,13,3,Remote,Referral,2,No,0,30-39,Low (<$70k),Needs Attention,Medium (5-15 days)
EMP0672,Employee_672,Female,36,Sales,Director,151576,18324,3,35,82.7,8,1,Hybrid,Referral,1,No,0,30-39,High (>$120k),Needs Attention,Medium (5-15 days)
EMP0673,Employee_673,Male,31,Sales,Manager,69523,1882,2,66,91.4,29,2,Remote,Website,4,Yes,1,30-39,Low (<$70k),Good,High (>15 days)
EMP0674,Employee_674,Female,45,Finance,Analyst,111088,2987,1,46,81,2,20,Hybrid,Referral,2,No,0,40-49,Medium ($70k-$120k),Needs Attention,Low (<5 days)
EMP0675,Employee_675,Male,29,HR,Director,106163,5585,3,16,82,25,5,Remote,LinkedIn,4,No,0,<30 (Gen Z/Young Millennial),Medium ($70k-$120k),Needs Attention,High (>15 days)
EMP0676,Employee_676,Non-Binary,45,Finance,Manager,117525,3159,3,49,95.5,12,17,Hybrid,Agency,3,No,0,40-49,Medium ($70k-$120k),Excellent,Medium (5-15 days)
EMP0677,Employee_677,Male,37,HR,Manager,53780,4530,3,48,89.6,2,4,Remote,Website,2,No,0,30-39,Low (<$70k),Good,Low (<5 days)
EMP0678,Employee_678,Male,47,Operations,Manager,46589,17065,3,71,87.7,10,8,Remote,Website,5,No,0,40-49,Low (<$70k),Good,Medium (5-15 days)
EMP0679,Employee_679,Female,48,IT,Director,74812,1073,3,87,83,1,19,Hybrid,LinkedIn,1,No,0,40-49,Medium ($70k-$120k),Needs Attention,Low (<5 days)
EMP0680,Employee_680,Female,58,Operations,Specialist,133664,13743,3,62,93.3,23,27,Hybrid,LinkedIn,1,No,0,50+,High (>$120k),Good,High (>15 days)
EMP0681,Employee_681,Female,25,HR,Director,85939,18771,3,13,82.2,14,25,On-site,LinkedIn,4,No,0,<30 (Gen Z/Young Millennial),Medium ($70k-$120k),Needs Attention,Medium (5-15 days)
EMP0682,Employee_682,Male,45,IT,Executive,91493,2693,5,91,93.4,12,17,Hybrid,LinkedIn,1,No,0,40-49,Medium ($70k-$120k),Good,Medium (5-15 days)
EMP0683,Employee_683,Male,40,Sales,Director,144188,9562,3,34,76.8,18,18,Remote,Website,5,No,0,40-49,High (>$120k),Needs Attention,High (>15 days)
EMP0684,Employee_684,Female,57,Sales,Manager,133326,4340,3,16,96.6,21,2,Remote,Agency,2,Yes,1,50+,High (>$120k),Excellent,High (>15 days)
EMP0685,Employee_685,Female,31,Finance,Analyst,80953,2156,3,37,87.5,15,8,Hybrid,Agency,2,No,0,30-39,Medium ($70k-$120k),Good,Medium (5-15 days)
EMP0686,Employee_686,Female,46,HR,Director,105785,16184,5,78,86,17,35,On-site,LinkedIn,3,No,0,40-49,Medium ($70k-$120k),Good,High (>15 days)
EMP0687,Employee_687,Female,39,HR,Director,59309,7966,3,76,90.3,6,30,Hybrid,Referral,2,Yes,1,30-39,Low (<$70k),Good,Medium (5-15 days)
EMP0688,Employee_688,Male,40,Sales,Manager,94195,2580,3,29,90.6,12,16,Remote,Website,4,No,0,40-49,Medium ($70k-$120k),Good,Medium (5-15 days)
EMP0689,Employee_689,Female,57,Operations,Analyst,155662,7257,3,92,78.3,3,22,Remote,Agency,5,No,0,50+,High (>$120k),Needs Attention,Low (<5 days)
EMP0690,Employee_690,Male,31,IT,Analyst,65901,2159,3,20,93.9,8,33,On-site,LinkedIn,3,No,0,30-39,Low (<$70k),Good,Medium (5-15 days)
EMP0691,Employee_691,Male,54,Operations,Executive,63576,16172,2,76,81.9,29,4,Hybrid,Referral,4,No,0,50+,Low (<$70k),Needs Attention,High (>15 days)
EMP0692,Employee_692,Male,26,Operations,Director,71508,13900,3,96,97.6,9,14,Remote,Referral,4,No,0,<30 (Gen Z/Young Millennial),Medium ($70k-$120k),Excellent,Medium (5-15 days)
EMP0693,Employee_693,Male,56,Sales,Analyst,114711,11440,2,16,95.4,8,2,Remote,LinkedIn,4,No,0,50+,Medium ($70k-$120k),Excellent,Medium (5-15 days)
EMP0694,Employee_694,Male,55,Sales,Analyst,65464,14678,3,32,83.7,6,18,Remote,Website,1,Yes,1,50+,Low (<$70k),Needs Attention,Medium (5-15 days)
EMP0695,Employee_695,Male,54,Sales,Specialist,100281,14436,3,70,95.2,14,27,Hybrid,Agency,4,No,0,50+,Medium ($70k-$120k),Excellent,Medium (5-15 days)
EMP0696,Employee_696,Female,42,Finance,Specialist,56260,12021,3,80,83.9,27,2,Hybrid,Referral,1,No,0,40-49,Low (<$70k),Needs Attention,High (>15 days)
EMP0697,Employee_697,Male,38,Operations,Analyst,75440,6772,4,43,77.5,7,37,On-site,Agency,2,No,0,30-39,Medium ($70k-$120k),Needs Attention,Medium (5-15 days)
EMP0698,Employee_698,Female,43,HR,Executive,135082,1627,1,28,99,18,3,Remote,Agency,1,Yes,1,40-49,High (>$120k),Excellent,High (>15 days)
EMP0699,Employee_699,Male,58,IT,Analyst,145583,11664,4,67,91.3,10,23,Remote,Referral,4,No,0,50+,High (>$120k),Good,Medium (5-15 days)
EMP0700,Employee_700,Male,36,Finance,Manager,96683,8219,3,18,86.4,4,30,On-site,LinkedIn,5,Yes,1,30-39,Medium ($70k-$120k),Good,Low (<5 days)
EMP0701,Employee_701,Female,56,HR,Director,81430,18369,3,57,84.9,1,10,Remote,Referral,5,No,0,50+,Medium ($70k-$120k),Needs Attention,Low (<5 days)
EMP0702,Employee_702,Male,49,Operations,Executive,41987,9713,2,91,83.1,9,36,On-site,Referral,2,No,0,40-49,Low (<$70k),Needs Attention,Medium (5-15 days)
EMP0703,Employee_703,Male,28,Sales,Manager,154778,8488,5,50,99.5,15,0,On-site,Website,4,Yes,1,<30 (Gen Z/Young Millennial),High (>$120k),Excellent,Medium (5-15 days)
EMP0704,Employee_704,Male,53,Operations,Executive,65105,2181,2,57,78.4,22,8,Remote,Agency,1,No,0,50+,Low (<$70k),Needs Attention,High (>15 days)
EMP0705,Employee_705,Male,32,IT,Manager,118484,11594,3,54,82.9,12,16,Hybrid,LinkedIn,5,No,0,30-39,Medium ($70k-$120k),Needs Attention,Medium (5-15 days)
EMP0706,Employee_706,Non-Binary,31,Finance,Director,158747,18680,3,34,87.1,7,0,Hybrid,Agency,3,No,0,30-39,High (>$120k),Good,Medium (5-15 days)
EMP0707,Employee_707,Male,30,Finance,Director,53026,7164,3,87,86.9,8,2,Hybrid,Referral,4,No,0,30-39,Low (<$70k),Good,Medium (5-15 days)
EMP0708,Employee_708,Female,35,IT,Specialist,108309,18981,3,34,86.8,10,25,Hybrid,LinkedIn,4,Yes,1,30-39,Medium ($70k-$120k),Good,Medium (5-15 days)
EMP0709,Employee_709,Male,34,HR,Manager,85927,901,2,28,79.4,10,30,Remote,LinkedIn,3,No,0,30-39,Medium ($70k-$120k),Needs Attention,Medium (5-15 days)
EMP0710,Employee_710,Female,46,HR,Specialist,115414,9290,3,48,78.6,22,25,On-site,LinkedIn,5,Yes,1,40-49,Medium ($70k-$120k),Needs Attention,High (>15 days)
EMP0711,Employee_711,Female,23,Finance,Manager,97535,18061,3,88,81.4,25,22,On-site,LinkedIn,3,No,0,<30 (Gen Z/Young Millennial),Medium ($70k-$120k),Needs Attention,High (>15 days)
EMP0712,Employee_712,Female,56,Finance,Specialist,82946,2881,3,89,97.9,15,29,Remote,Website,2,No,0,50+,Medium ($70k-$120k),Excellent,Medium (5-15 days)
EMP0713,Employee_713,Male,28,Sales,Director,96561,13058,3,36,77.8,9,9,Hybrid,LinkedIn,1,No,0,<30 (Gen Z/Young Millennial),Medium ($70k-$120k),Needs Attention,Medium (5-15 days)
EMP0714,Employee_714,Male,42,HR,Executive,50377,5622,3,83,93.9,28,7,On-site,Referral,1,No,0,40-49,Low (<$70k),Good,High (>15 days)
EMP0715,Employee_715,Male,39,IT,Specialist,93592,1378,3,72,93.9,23,24,Remote,Website,5,No,0,30-39,Medium ($70k-$120k),Good,High (>15 days)
EMP0716,Employee_716,Female,24,HR,Manager,47347,17632,3,77,95.2,11,21,Remote,Referral,3,No,0,<30 (Gen Z/Young Millennial),Low (<$70k),Excellent,Medium (5-15 days)
EMP0717,Employee_717,Female,32,Sales,Manager,73776,5650,3,28,97.2,24,14,Hybrid,Referral,4,No,0,30-39,Medium ($70k-$120k),Excellent,High (>15 days)
EMP0718,Employee_718,Female,45,Finance,Director,43783,12433,5,37,81.6,5,9,Remote,Agency,4,Yes,1,40-49,Low (<$70k),Needs Attention,Low (<5 days)
EMP0719,Employee_719,Male,40,Finance,Manager,95798,9456,5,94,80.6,27,19,On-site,LinkedIn,4,No,0,40-49,Medium ($70k-$120k),Needs Attention,High (>15 days)
EMP0720,Employee_720,Female,25,Sales,Analyst,44298,7036,4,87,86.6,11,22,On-site,LinkedIn,2,No,0,<30 (Gen Z/Young Millennial),Low (<$70k),Good,Medium (5-15 days)
EMP0721,Employee_721,Female,47,IT,Executive,110204,6487,3,42,81.6,9,0,Remote,Referral,2,No,0,40-49,Medium ($70k-$120k),Needs Attention,Medium (5-15 days)
EMP0722,Employee_722,Male,59,Finance,Specialist,126207,17442,2,19,93.4,17,1,On-site,LinkedIn,4,No,0,50+,High (>$120k),Good,High (>15 days)
EMP0723,Employee_723,Male,53,Operations,Executive,140356,18432,3,92,90.9,17,18,Remote,Website,5,No,0,50+,High (>$120k),Good,High (>15 days)
EMP0724,Employee_724,Female,57,Finance,Director,95161,4248,3,39,96.9,3,13,On-site,Agency,2,No,0,50+,Medium ($70k-$120k),Excellent,Low (<5 days)
EMP0725,Employee_725,Female,58,Operations,Specialist,100652,18860,3,31,77.1,8,7,Hybrid,LinkedIn,2,No,0,50+,Medium ($70k-$120k),Needs Attention,Medium (5-15 days)
EMP0726,Employee_726,Female,54,Sales,Specialist,74484,4603,4,12,97.9,6,37,On-site,LinkedIn,1,No,0,50+,Medium ($70k-$120k),Excellent,Medium (5-15 days)
EMP0727,Employee_727,Male,57,Sales,Analyst,138614,19937,4,91,82.3,17,11,Hybrid,Website,1,No,0,50+,High (>$120k),Needs Attention,High (>15 days)
EMP0728,Employee_728,Female,24,Finance,Director,152695,12632,4,84,87.3,7,25,Hybrid,Agency,5,No,0,<30 (Gen Z/Young Millennial),High (>$120k),Good,Medium (5-15 days)
EMP0729,Employee_729,Male,30,HR,Manager,60922,220,3,57,86,10,26,Remote,Website,2,No,0,30-39,Low (<$70k),Good,Medium (5-15 days)
EMP0730,Employee_730,Male,29,Operations,Analyst,74028,14226,3,11,94,6,28,Hybrid,Referral,2,No,0,<30 (Gen Z/Young Millennial),Medium ($70k-$120k),Good,Medium (5-15 days)
EMP0731,Employee_731,Male,54,IT,Analyst,151461,4818,3,85,85.5,8,14,On-site,Referral,3,No,0,50+,High (>$120k),Good,Medium (5-15 days)
EMP0732,Employee_732,Female,27,Finance,Executive,60316,7349,2,63,98.6,7,0,On-site,LinkedIn,5,No,0,<30 (Gen Z/Young Millennial),Low (<$70k),Excellent,Medium (5-15 days)
EMP0733,Employee_733,Female,25,IT,Executive,116996,5618,3,15,97.6,2,27,Hybrid,Agency,5,No,0,<30 (Gen Z/Young Millennial),Medium ($70k-$120k),Excellent,Low (<5 days)
EMP0734,Employee_734,Female,34,Finance,Executive,56968,9856,1,49,96.8,16,2,Remote,Referral,3,No,0,30-39,Low (<$70k),Excellent,High (>15 days)
EMP0735,Employee_735,Male,23,HR,Analyst,70266,4576,3,11,76.8,1,17,Hybrid,Website,3,Yes,1,<30 (Gen Z/Young Millennial),Medium ($70k-$120k),Needs Attention,Low (<5 days)
EMP0736,Employee_736,Female,26,HR,Manager,135745,18255,3,82,96.4,14,33,On-site,Referral,1,No,0,<30 (Gen Z/Young Millennial),High (>$120k),Excellent,Medium (5-15 days)
EMP0737,Employee_737,Male,48,HR,Specialist,64000,15207,3,11,94.5,13,31,On-site,Referral,5,No,0,40-49,Low (<$70k),Good,Medium (5-15 days)
EMP0738,Employee_738,Female,53,HR,Executive,54011,1462,4,83,77.6,28,28,Hybrid,Website,5,No,0,50+,Low (<$70k),Needs Attention,High (>15 days)
EMP0739,Employee_739,Male,42,Sales,Manager,42866,15905,3,64,77.7,17,24,Hybrid,LinkedIn,3,No,0,40-49,Low (<$70k),Needs Attention,High (>15 days)
EMP0740,Employee_740,Male,29,Sales,Director,152669,16252,4,81,77.5,15,25,Hybrid,Agency,4,No,0,<30 (Gen Z/Young Millennial),High (>$120k),Needs Attention,Medium (5-15 days)
EMP0741,Employee_741,Male,59,Operations,Executive,45898,8236,3,69,75.3,19,38,On-site,LinkedIn,4,No,0,50+,Low (<$70k),Needs Attention,High (>15 days)
EMP0742,Employee_742,Male,29,IT,Specialist,58395,7813,3,15,88.7,21,7,On-site,Website,1,No,0,<30 (Gen Z/Young Millennial),Low (<$70k),Good,High (>15 days)
EMP0743,Employee_743,Female,24,Finance,Director,79019,2068,3,28,99.3,3,18,On-site,Referral,4,Yes,1,<30 (Gen Z/Young Millennial),Medium ($70k-$120k),Excellent,Low (<5 days)
EMP0744,Employee_744,Male,24,Finance,Director,143243,5753,3,36,86,24,21,Remote,Agency,4,No,0,<30 (Gen Z/Young Millennial),High (>$120k),Good,High (>15 days)
EMP0745,Employee_745,Male,43,Sales,Specialist,44006,7237,5,10,88.5,19,28,On-site,LinkedIn,4,Yes,1,40-49,Low (<$70k),Good,High (>15 days)
EMP0746,Employee_746,Female,27,Finance,Executive,74393,14175,3,42,99.2,5,32,On-site,Website,2,No,0,<30 (Gen Z/Young Millennial),Medium ($70k-$120k),Excellent,Low (<5 days)
EMP0747,Employee_747,Male,23,Sales,Analyst,50956,6191,3,49,81.4,5,37,Remote,Referral,1,No,0,<30 (Gen Z/Young Millennial),Low (<$70k),Needs Attention,Low (<5 days)
EMP0748,Employee_748,Female,44,Operations,Specialist,90042,17898,3,41,96.5,25,34,Remote,Referral,3,No,0,40-49,Medium ($70k-$120k),Excellent,High (>15 days)
EMP0749,Employee_749,Female,23,IT,Specialist,136199,18982,4,78,88.7,10,2,Remote,LinkedIn,4,Yes,1,<30 (Gen Z/Young Millennial),High (>$120k),Good,Medium (5-15 days)
EMP0750,Employee_750,Female,59,Operations,Specialist,46078,14622,3,26,89.2,25,18,Remote,Website,2,No,0,50+,Low (<$70k),Good,High (>15 days)
EMP0751,Employee_751,Male,38,HR,Director,69631,1001,4,17,83.6,16,9,Remote,Referral,4,No,0,30-39,Low (<$70k),Needs Attention,High (>15 days)
EMP0752,Employee_752,Female,56,HR,Manager,135676,17417,3,66,89,23,26,Remote,Referral,2,Yes,1,50+,High (>$120k),Good,High (>15 days)
EMP0753,Employee_753,Female,55,HR,Analyst,102901,14877,3,51,76.8,27,14,Hybrid,Agency,1,No,0,50+,Medium ($70k-$120k),Needs Attention,High (>15 days)
EMP0754,Employee_754,Male,44,Operations,Executive,147227,10232,3,18,94.1,2,10,Hybrid,Referral,4,No,0,40-49,High (>$120k),Good,Low (<5 days)
EMP0755,Employee_755,Male,51,Finance,Executive,109497,4476,3,96,82.1,12,25,Hybrid,LinkedIn,2,No,0,50+,Medium ($70k-$120k),Needs Attention,Medium (5-15 days)
EMP0756,Employee_756,Female,29,IT,Manager,134813,16862,3,44,97.2,21,23,Hybrid,Website,5,No,0,<30 (Gen Z/Young Millennial),High (>$120k),Excellent,High (>15 days)
EMP0757,Employee_757,Female,43,HR,Specialist,157192,515,4,80,84.2,2,12,On-site,Website,5,Yes,1,40-49,High (>$120k),Needs Attention,Low (<5 days)
EMP0758,Employee_758,Female,57,HR,Analyst,81574,12478,3,88,78.6,15,31,Remote,Agency,2,No,0,50+,Medium ($70k-$120k),Needs Attention,Medium (5-15 days)
EMP0759,Employee_759,Female,26,HR,Executive,158494,1191,3,62,92.4,14,36,On-site,Website,4,No,0,<30 (Gen Z/Young Millennial),High (>$120k),Good,Medium (5-15 days)
EMP0760,Employee_760,Female,34,IT,Executive,71417,10860,3,63,79.1,10,3,Remote,LinkedIn,4,No,0,30-39,Medium ($70k-$120k),Needs Attention,Medium (5-15 days)
EMP0761,Employee_761,Male,50,HR,Specialist,128020,13448,2,93,93.8,17,12,Remote,Referral,1,No,0,50+,High (>$120k),Good,High (>15 days)
EMP0762,Employee_762,Male,52,IT,Manager,123639,6297,3,34,99.2,14,8,On-site,Agency,1,No,0,50+,High (>$120k),Excellent,Medium (5-15 days)
EMP0763,Employee_763,Male,37,HR,Analyst,105006,16655,3,76,94.5,4,33,Hybrid,Website,3,No,0,30-39,Medium ($70k-$120k),Good,Low (<5 days)
EMP0764,Employee_764,Female,51,Operations,Manager,134881,8334,3,71,75.6,15,36,On-site,Agency,1,Yes,1,50+,High (>$120k),Needs Attention,Medium (5-15 days)
EMP0765,Employee_765,Male,37,Operations,Manager,151862,6008,3,64,90,29,6,On-site,Agency,4,No,0,30-39,High (>$120k),Good,High (>15 days)
EMP0766,Employee_766,Female,33,IT,Analyst,79454,7987,3,55,92.4,15,0,Remote,Website,3,No,0,30-39,Medium ($70k-$120k),Good,Medium (5-15 days)
EMP0767,Employee_767,Female,38,Operations,Analyst,41587,3332,3,33,95.6,16,11,Remote,Agency,1,No,0,30-39,Low (<$70k),Excellent,High (>15 days)
EMP0768,Employee_768,Female,37,IT,Executive,148107,787,3,55,76.4,8,20,Remote,Website,2,No,0,30-39,High (>$120k),Needs Attention,Medium (5-15 days)
EMP0769,Employee_769,Male,33,Operations,Executive,155584,6222,3,31,87,26,10,Hybrid,LinkedIn,5,No,0,30-39,High (>$120k),Good,High (>15 days)
EMP0770,Employee_770,Female,29,Operations,Analyst,94710,9873,2,20,88.4,22,13,On-site,Website,1,No,0,<30 (Gen Z/Young Millennial),Medium ($70k-$120k),Good,High (>15 days)
EMP0771,Employee_771,Male,41,IT,Director,126567,17006,4,57,79.2,2,33,On-site,Referral,1,No,0,40-49,High (>$120k),Needs Attention,Low (<5 days)
EMP0772,Employee_772,Female,24,Finance,Executive,131748,3676,4,17,83.1,19,33,Hybrid,Website,2,No,0,<30 (Gen Z/Young Millennial),High (>$120k),Needs Attention,High (>15 days)
EMP0773,Employee_773,Male,37,Operations,Director,115886,2572,3,48,86,12,24,On-site,Referral,4,No,0,30-39,Medium ($70k-$120k),Good,Medium (5-15 days)
EMP0774,Employee_774,Male,51,HR,Analyst,58816,6915,2,44,95.8,21,3,On-site,Agency,2,Yes,1,50+,Low (<$70k),Excellent,High (>15 days)
EMP0775,Employee_775,Female,44,Finance,Executive,125824,5033,4,58,98.2,2,25,Remote,Website,1,No,0,40-49,High (>$120k),Excellent,Low (<5 days)
EMP0776,Employee_776,Male,49,IT,Manager,69432,7788,4,55,90.7,27,15,Hybrid,Referral,4,No,0,40-49,Low (<$70k),Good,High (>15 days)
EMP0777,Employee_777,Male,26,Finance,Analyst,149758,15689,4,47,84.9,6,9,Remote,Website,3,No,0,<30 (Gen Z/Young Millennial),High (>$120k),Needs Attention,Medium (5-15 days)
EMP0778,Employee_778,Female,41,Sales,Specialist,88617,11452,2,17,81.4,28,1,Hybrid,Website,1,No,0,40-49,Medium ($70k-$120k),Needs Attention,High (>15 days)
EMP0779,Employee_779,Female,22,Sales,Director,112373,4712,3,63,99.6,5,34,Remote,Website,2,No,0,<30 (Gen Z/Young Millennial),Medium ($70k-$120k),Excellent,Low (<5 days)
EMP0780,Employee_780,Female,51,Operations,Analyst,74217,66,4,46,99.6,8,18,On-site,LinkedIn,3,No,0,50+,Medium ($70k-$120k),Excellent,Medium (5-15 days)
EMP0781,Employee_781,Female,42,Operations,Analyst,60884,15855,3,49,98.1,11,5,Hybrid,Referral,5,No,0,40-49,Low (<$70k),Excellent,Medium (5-15 days)
EMP0782,Employee_782,Female,41,HR,Executive,45454,12478,3,43,94.6,14,18,Hybrid,LinkedIn,3,No,0,40-49,Low (<$70k),Good,Medium (5-15 days)
EMP0783,Employee_783,Male,27,Finance,Executive,114960,7533,3,88,83.1,20,7,Remote,LinkedIn,2,No,0,<30 (Gen Z/Young Millennial),Medium ($70k-$120k),Needs Attention,High (>15 days)
EMP0784,Employee_784,Male,43,Sales,Executive,142421,15103,3,26,95.4,19,13,Hybrid,Referral,3,Yes,1,40-49,High (>$120k),Excellent,High (>15 days)
EMP0785,Employee_785,Male,39,Operations,Specialist,147173,4616,1,42,85.2,2,9,On-site,Website,2,Yes,1,30-39,High (>$120k),Good,Low (<5 days)
EMP0786,Employee_786,Female,29,Finance,Executive,83618,13277,3,56,83.2,9,2,On-site,LinkedIn,1,No,0,<30 (Gen Z/Young Millennial),Medium ($70k-$120k),Needs Attention,Medium (5-15 days)
EMP0787,Employee_787,Female,53,Operations,Analyst,123948,17524,2,61,93.6,0,37,On-site,LinkedIn,4,No,0,50+,High (>$120k),Good,Low (<5 days)
EMP0788,Employee_788,Male,54,Operations,Executive,102671,5730,3,89,77,18,28,Remote,LinkedIn,5,No,0,50+,Medium ($70k-$120k),Needs Attention,High (>15 days)
EMP0789,Employee_789,Male,37,Sales,Manager,87111,10724,3,18,76.2,18,14,Hybrid,Website,4,No,0,30-39,Medium ($70k-$120k),Needs Attention,High (>15 days)
EMP0790,Employee_790,Female,33,Sales,Executive,79613,11772,3,42,86.2,22,22,Remote,LinkedIn,4,No,0,30-39,Medium ($70k-$120k),Good,High (>15 days)
EMP0791,Employee_791,Male,59,Operations,Specialist,125678,16268,2,69,86.1,22,22,On-site,Agency,4,Yes,1,50+,High (>$120k),Good,High (>15 days)
EMP0792,Employee_792,Female,55,IT,Manager,142928,12940,3,86,97.4,12,17,Hybrid,Referral,2,No,0,50+,High (>$120k),Excellent,Medium (5-15 days)
EMP0793,Employee_793,Male,35,Operations,Analyst,99993,19723,4,30,78.2,11,18,On-site,Agency,2,No,0,30-39,Medium ($70k-$120k),Needs Attention,Medium (5-15 days)
EMP0794,Employee_794,Female,57,Operations,Analyst,48848,16932,3,67,78.1,0,27,Hybrid,Website,5,Yes,1,50+,Low (<$70k),Needs Attention,Low (<5 days)
EMP0795,Employee_795,Male,54,HR,Director,154853,14643,2,94,78.7,18,25,Hybrid,LinkedIn,2,No,0,50+,High (>$120k),Needs Attention,High (>15 days)
EMP0796,Employee_796,Female,44,HR,Manager,118672,198,2,78,75.7,28,9,Remote,Referral,2,Yes,1,40-49,Medium ($70k-$120k),Needs Attention,High (>15 days)
EMP0797,Employee_797,Female,23,HR,Director,159279,16955,4,19,76.8,23,3,Hybrid,LinkedIn,2,No,0,<30 (Gen Z/Young Millennial),High (>$120k),Needs Attention,High (>15 days)
EMP0798,Employee_798,Female,42,IT,Manager,106125,17174,3,15,91.5,15,1,On-site,Website,2,No,0,40-49,Medium ($70k-$120k),Good,Medium (5-15 days)
EMP0799,Employee_799,Female,23,IT,Manager,126444,9830,3,22,85.8,24,2,Hybrid,Referral,1,Yes,1,<30 (Gen Z/Young Millennial),High (>$120k),Good,High (>15 days)
EMP0800,Employee_800,Female,48,Operations,Specialist,157509,13798,2,74,94.1,22,6,On-site,Agency,5,Yes,1,40-49,High (>$120k),Good,High (>15 days)
EMP0801,Employee_801,Female,30,HR,Director,101602,17558,3,29,99.8,22,15,Remote,Referral,2,Yes,1,30-39,Medium ($70k-$120k),Excellent,High (>15 days)
EMP0802,Employee_802,Male,22,IT,Specialist,112045,11469,4,66,91.5,27,30,On-site,LinkedIn,5,Yes,1,<30 (Gen Z/Young Millennial),Medium ($70k-$120k),Good,High (>15 days)
EMP0803,Employee_803,Female,32,Sales,Manager,145997,178,4,55,76.3,14,9,Hybrid,Referral,3,No,0,30-39,High (>$120k),Needs Attention,Medium (5-15 days)
EMP0804,Employee_804,Female,24,Operations,Analyst,82222,18628,3,17,77.6,15,18,On-site,Website,1,No,0,<30 (Gen Z/Young Millennial),Medium ($70k-$120k),Needs Attention,Medium (5-15 days)
EMP0805,Employee_805,Male,44,Finance,Manager,89223,17118,2,19,97,10,27,On-site,Website,2,No,0,40-49,Medium ($70k-$120k),Excellent,Medium (5-15 days)
EMP0806,Employee_806,Female,47,Operations,Specialist,150012,798,2,82,88.2,23,16,Hybrid,Referral,1,No,0,40-49,High (>$120k),Good,High (>15 days)
EMP0807,Employee_807,Female,25,Finance,Director,151246,7601,1,76,95.6,5,27,On-site,Website,1,No,0,<30 (Gen Z/Young Millennial),High (>$120k),Excellent,Low (<5 days)
EMP0808,Employee_808,Female,39,HR,Director,105333,2795,3,20,96.4,10,18,Hybrid,Website,3,No,0,30-39,Medium ($70k-$120k),Excellent,Medium (5-15 days)
EMP0809,Employee_809,Male,27,Finance,Specialist,92732,12496,2,21,98.2,2,36,Remote,Website,5,No,0,<30 (Gen Z/Young Millennial),Medium ($70k-$120k),Excellent,Low (<5 days)
EMP0810,Employee_810,Male,56,HR,Director,89420,4588,3,19,98.7,14,22,On-site,Agency,1,No,0,50+,Medium ($70k-$120k),Excellent,Medium (5-15 days)
EMP0811,Employee_811,Non-Binary,43,Sales,Executive,115504,7297,3,34,88.9,0,19,Remote,LinkedIn,4,No,0,40-49,Medium ($70k-$120k),Good,Low (<5 days)
EMP0812,Employee_812,Female,36,Finance,Analyst,42462,3084,4,58,83.5,6,12,On-site,Website,3,No,0,30-39,Low (<$70k),Needs Attention,Medium (5-15 days)
EMP0813,Employee_813,Male,43,Operations,Analyst,49460,11110,3,58,99,0,12,On-site,Referral,4,No,0,40-49,Low (<$70k),Excellent,Low (<5 days)
EMP0814,Employee_814,Female,58,HR,Analyst,139319,731,4,98,88.7,16,10,Remote,Website,3,No,0,50+,High (>$120k),Good,High (>15 days)
EMP0815,Employee_815,Female,33,Operations,Director,49275,1129,3,20,76.6,8,14,On-site,Agency,4,No,0,30-39,Low (<$70k),Needs Attention,Medium (5-15 days)
EMP0816,Employee_816,Male,59,IT,Director,134213,1605,2,71,91.1,28,16,On-site,Referral,4,No,0,50+,High (>$120k),Good,High (>15 days)
EMP0817,Employee_817,Female,39,HR,Manager,53269,11970,3,45,89.7,25,27,Remote,LinkedIn,1,No,0,30-39,Low (<$70k),Good,High (>15 days)
EMP0818,Employee_818,Male,56,Finance,Manager,105942,10937,3,48,97.4,22,18,On-site,Referral,1,No,0,50+,Medium ($70k-$120k),Excellent,High (>15 days)
EMP0819,Employee_819,Male,51,HR,Analyst,112920,11362,3,62,91.3,12,3,Hybrid,Referral,3,No,0,50+,Medium ($70k-$120k),Good,Medium (5-15 days)
EMP0820,Employee_820,Male,45,Operations,Executive,62553,2933,3,99,83.7,10,21,On-site,Referral,5,No,0,40-49,Low (<$70k),Needs Attention,Medium (5-15 days)
EMP0821,Employee_821,Female,51,Sales,Manager,64366,15187,5,87,99.2,28,21,On-site,Referral,1,No,0,50+,Low (<$70k),Excellent,High (>15 days)
EMP0822,Employee_822,Male,35,HR,Manager,84036,5074,3,65,95,19,36,On-site,Website,1,Yes,1,30-39,Medium ($70k-$120k),Excellent,High (>15 days)
EMP0823,Employee_823,Male,27,Finance,Director,57369,14037,3,10,90.8,5,38,Remote,LinkedIn,2,No,0,<30 (Gen Z/Young Millennial),Low (<$70k),Good,Low (<5 days)
EMP0824,Employee_824,Male,24,IT,Executive,51795,7099,4,65,82.3,0,33,Hybrid,Website,1,No,0,<30 (Gen Z/Young Millennial),Low (<$70k),Needs Attention,Low (<5 days)
EMP0825,Employee_825,Female,37,Sales,Analyst,110021,17874,1,13,84.3,6,32,Hybrid,Agency,5,Yes,1,30-39,Medium ($70k-$120k),Needs Attention,Medium (5-15 days)
EMP0826,Employee_826,Female,28,IT,Manager,147205,893,3,39,91.7,11,39,On-site,Agency,2,No,0,<30 (Gen Z/Young Millennial),High (>$120k),Good,Medium (5-15 days)
EMP0827,Employee_827,Male,35,HR,Executive,108154,1390,3,21,76.8,21,32,Remote,Referral,4,No,0,30-39,Medium ($70k-$120k),Needs Attention,High (>15 days)
EMP0828,Employee_828,Male,30,Operations,Executive,70143,19773,4,44,81.4,19,11,Remote,Website,4,No,0,30-39,Medium ($70k-$120k),Needs Attention,High (>15 days)
EMP0829,Employee_829,Female,36,Operations,Analyst,69425,4239,5,86,92.8,22,1,Hybrid,Website,2,Yes,1,30-39,Low (<$70k),Good,High (>15 days)
EMP0830,Employee_830,Male,42,Finance,Executive,128209,18647,5,61,87,18,27,Remote,LinkedIn,2,Yes,1,40-49,High (>$120k),Good,High (>15 days)
EMP0831,Employee_831,Male,56,Operations,Executive,115139,3432,2,40,85.1,16,9,On-site,LinkedIn,2,No,0,50+,Medium ($70k-$120k),Good,High (>15 days)
EMP0832,Employee_832,Male,23,Sales,Executive,145232,2371,4,96,78.8,3,21,On-site,LinkedIn,3,No,0,<30 (Gen Z/Young Millennial),High (>$120k),Needs Attention,Low (<5 days)
EMP0833,Employee_833,Male,48,Operations,Manager,45368,1515,3,77,86,2,16,Remote,Website,5,No,0,40-49,Low (<$70k),Good,Low (<5 days)
EMP0834,Employee_834,Male,23,Finance,Analyst,44621,15906,3,61,94.3,0,25,On-site,LinkedIn,5,No,0,<30 (Gen Z/Young Millennial),Low (<$70k),Good,Low (<5 days)
EMP0835,Employee_835,Male,56,HR,Executive,98829,6326,2,89,81.6,17,2,Hybrid,LinkedIn,4,No,0,50+,Medium ($70k-$120k),Needs Attention,High (>15 days)
EMP0836,Employee_836,Male,39,HR,Executive,100294,14605,3,16,75.1,26,6,On-site,LinkedIn,4,No,0,30-39,Medium ($70k-$120k),Needs Attention,High (>15 days)
EMP0837,Employee_837,Female,35,Operations,Manager,54719,5586,5,31,91.7,20,7,Remote,Referral,4,No,0,30-39,Low (<$70k),Good,High (>15 days)
EMP0838,Employee_838,Male,41,IT,Analyst,69227,2917,4,84,99.3,14,19,Hybrid,Agency,1,No,0,40-49,Low (<$70k),Excellent,Medium (5-15 days)
EMP0839,Employee_839,Female,39,HR,Director,149430,15901,3,65,90.2,7,11,On-site,Agency,4,No,0,30-39,High (>$120k),Good,Medium (5-15 days)
EMP0840,Employee_840,Female,31,Operations,Manager,47566,17551,1,67,78,0,34,Hybrid,Website,2,No,0,30-39,Low (<$70k),Needs Attention,Low (<5 days)
EMP0841,Employee_841,Male,46,Finance,Analyst,52306,3793,3,73,83,19,16,Remote,Website,4,No,0,40-49,Low (<$70k),Needs Attention,High (>15 days)
EMP0842,Employee_842,Female,23,Operations,Executive,93822,9947,4,21,96.7,13,27,On-site,Referral,2,No,0,<30 (Gen Z/Young Millennial),Medium ($70k-$120k),Excellent,Medium (5-15 days)
EMP0843,Employee_843,Male,46,HR,Analyst,64042,15859,3,16,80.8,3,9,On-site,Agency,3,No,0,40-49,Low (<$70k),Needs Attention,Low (<5 days)
EMP0844,Employee_844,Female,54,Finance,Analyst,55086,1577,3,64,90.2,4,21,Hybrid,LinkedIn,1,No,0,50+,Low (<$70k),Good,Low (<5 days)
EMP0845,Employee_845,Male,57,Operations,Analyst,57387,9488,2,71,85.1,22,37,On-site,LinkedIn,1,No,0,50+,Low (<$70k),Good,High (>15 days)
EMP0846,Employee_846,Male,52,Sales,Director,67042,18604,3,99,80.2,12,32,On-site,Website,5,Yes,1,50+,Low (<$70k),Needs Attention,Medium (5-15 days)
EMP0847,Employee_847,Male,35,Finance,Analyst,129424,9164,3,82,95.3,27,21,On-site,Agency,3,No,0,30-39,High (>$120k),Excellent,High (>15 days)
EMP0848,Employee_848,Non-Binary,22,Sales,Director,91618,1030,4,86,93.6,23,36,On-site,Website,2,Yes,1,<30 (Gen Z/Young Millennial),Medium ($70k-$120k),Good,High (>15 days)
EMP0849,Employee_849,Male,37,IT,Executive,132050,15881,3,64,91.5,14,12,Remote,Website,3,No,0,30-39,High (>$120k),Good,Medium (5-15 days)
EMP0850,Employee_850,Female,24,Finance,Director,58323,10785,3,45,80.9,5,26,On-site,LinkedIn,1,No,0,<30 (Gen Z/Young Millennial),Low (<$70k),Needs Attention,Low (<5 days)
EMP0851,Employee_851,Male,56,Sales,Executive,58019,6691,3,98,77.4,0,14,Hybrid,LinkedIn,2,Yes,1,50+,Low (<$70k),Needs Attention,Low (<5 days)
EMP0852,Employee_852,Female,27,HR,Executive,115426,17297,2,33,89.4,22,21,Remote,Agency,3,No,0,<30 (Gen Z/Young Millennial),Medium ($70k-$120k),Good,High (>15 days)
EMP0853,Employee_853,Male,46,HR,Director,80863,6358,5,53,88.8,18,29,Hybrid,Website,1,No,0,40-49,Medium ($70k-$120k),Good,High (>15 days)
EMP0854,Employee_854,Female,34,IT,Manager,151023,18565,3,26,79.7,12,39,Hybrid,Referral,2,No,0,30-39,High (>$120k),Needs Attention,Medium (5-15 days)
EMP0855,Employee_855,Male,55,Finance,Specialist,50283,19581,3,11,76.4,28,36,Hybrid,Agency,2,No,0,50+,Low (<$70k),Needs Attention,High (>15 days)
EMP0856,Employee_856,Male,29,Finance,Analyst,58279,1462,3,22,77,28,33,Remote,Website,1,No,0,<30 (Gen Z/Young Millennial),Low (<$70k),Needs Attention,High (>15 days)
EMP0857,Employee_857,Male,42,Finance,Specialist,86999,15511,3,40,99.8,5,33,Remote,Agency,2,Yes,1,40-49,Medium ($70k-$120k),Excellent,Low (<5 days)
EMP0858,Employee_858,Male,55,IT,Analyst,102780,10570,3,37,94.6,14,34,Remote,Agency,1,No,0,50+,Medium ($70k-$120k),Good,Medium (5-15 days)
EMP0859,Employee_859,Female,25,Finance,Analyst,62908,15897,3,69,98,15,18,On-site,Agency,4,No,0,<30 (Gen Z/Young Millennial),Low (<$70k),Excellent,Medium (5-15 days)
EMP0860,Employee_860,Male,46,HR,Executive,101584,11646,3,36,79.9,23,7,Hybrid,Referral,4,No,0,40-49,Medium ($70k-$120k),Needs Attention,High (>15 days)
EMP0861,Employee_861,Female,36,Sales,Analyst,153002,15474,3,24,99,22,38,Remote,Referral,2,No,0,30-39,High (>$120k),Excellent,High (>15 days)
EMP0862,Employee_862,Male,25,HR,Analyst,90225,7037,2,88,78.6,15,32,Hybrid,LinkedIn,2,No,0,<30 (Gen Z/Young Millennial),Medium ($70k-$120k),Needs Attention,Medium (5-15 days)
EMP0863,Employee_863,Female,33,HR,Director,77952,9499,3,42,87.7,9,27,Remote,LinkedIn,1,Yes,1,30-39,Medium ($70k-$120k),Good,Medium (5-15 days)
EMP0864,Employee_864,Male,53,Sales,Specialist,140706,13386,1,29,95.7,21,36,Remote,Website,2,No,0,50+,High (>$120k),Excellent,High (>15 days)
EMP0865,Employee_865,Male,53,HR,Director,77663,6221,3,51,83.7,8,24,Remote,Agency,5,No,0,50+,Medium ($70k-$120k),Needs Attention,Medium (5-15 days)
EMP0866,Employee_866,Female,49,IT,Analyst,149708,7769,4,21,85.6,8,35,Hybrid,Website,4,No,0,40-49,High (>$120k),Good,Medium (5-15 days)
EMP0867,Employee_867,Male,34,Sales,Executive,101381,17071,4,82,78.2,16,16,On-site,LinkedIn,2,No,0,30-39,Medium ($70k-$120k),Needs Attention,High (>15 days)
EMP0868,Employee_868,Male,52,HR,Director,87929,14356,3,32,78.1,16,23,Remote,Referral,2,No,0,50+,Medium ($70k-$120k),Needs Attention,High (>15 days)
EMP0869,Employee_869,Female,35,Operations,Director,49343,18278,3,81,90.5,16,20,Remote,LinkedIn,3,No,0,30-39,Low (<$70k),Good,High (>15 days)
EMP0870,Employee_870,Female,41,HR,Manager,116173,7389,2,23,91.9,23,1,Remote,Website,2,No,0,40-49,Medium ($70k-$120k),Good,High (>15 days)
EMP0871,Employee_871,Male,39,IT,Analyst,140260,4922,3,34,94.4,11,30,On-site,LinkedIn,5,No,0,30-39,High (>$120k),Good,Medium (5-15 days)
EMP0872,Employee_872,Male,50,Finance,Executive,79791,13639,4,86,88.9,12,32,Hybrid,Website,4,No,0,50+,Medium ($70k-$120k),Good,Medium (5-15 days)
EMP0873,Employee_873,Female,27,HR,Director,69134,10003,3,94,91.1,29,29,Hybrid,Website,3,No,0,<30 (Gen Z/Young Millennial),Low (<$70k),Good,High (>15 days)
EMP0874,Employee_874,Male,53,Finance,Director,152366,19567,3,40,75.3,11,11,Hybrid,Website,1,No,0,50+,High (>$120k),Needs Attention,Medium (5-15 days)
EMP0875,Employee_875,Male,50,Operations,Executive,87101,5178,4,63,79.1,13,11,Hybrid,Website,1,No,0,50+,Medium ($70k-$120k),Needs Attention,Medium (5-15 days)
EMP0876,Employee_876,Male,23,HR,Analyst,109443,15240,4,14,99.6,9,23,Remote,LinkedIn,4,Yes,1,<30 (Gen Z/Young Millennial),Medium ($70k-$120k),Excellent,Medium (5-15 days)
EMP0877,Employee_877,Female,44,Sales,Manager,139111,3968,3,22,76.9,22,23,On-site,Website,1,Yes,1,40-49,High (>$120k),Needs Attention,High (>15 days)
EMP0878,Employee_878,Female,40,Finance,Director,97530,2716,3,37,92,18,10,Remote,Website,5,No,0,40-49,Medium ($70k-$120k),Good,High (>15 days)
EMP0879,Employee_879,Male,52,Operations,Manager,86799,16574,3,52,79.4,28,12,On-site,Agency,2,Yes,1,50+,Medium ($70k-$120k),Needs Attention,High (>15 days)
EMP0880,Employee_880,Male,26,Sales,Specialist,44827,13511,2,98,92.9,1,26,Hybrid,Website,4,No,0,<30 (Gen Z/Young Millennial),Low (<$70k),Good,Low (<5 days)
EMP0881,Employee_881,Male,40,Sales,Analyst,136143,17719,4,56,92.6,3,7,On-site,LinkedIn,3,Yes,1,40-49,High (>$120k),Good,Low (<5 days)
EMP0882,Employee_882,Female,55,Sales,Specialist,102653,8181,4,80,80.9,18,9,Remote,Website,2,No,0,50+,Medium ($70k-$120k),Needs Attention,High (>15 days)
EMP0883,Employee_883,Male,31,Sales,Specialist,53699,12995,4,47,81.7,6,7,Remote,Referral,1,No,0,30-39,Low (<$70k),Needs Attention,Medium (5-15 days)
EMP0884,Employee_884,Male,46,HR,Specialist,142828,11298,1,76,91.4,25,19,Hybrid,Referral,1,No,0,40-49,High (>$120k),Good,High (>15 days)
EMP0885,Employee_885,Female,23,HR,Analyst,153497,16762,4,71,84.8,14,7,Remote,Website,3,No,0,<30 (Gen Z/Young Millennial),High (>$120k),Needs Attention,Medium (5-15 days)
EMP0886,Employee_886,Male,32,HR,Analyst,131419,6380,3,48,79.9,14,8,Remote,Referral,5,No,0,30-39,High (>$120k),Needs Attention,Medium (5-15 days)
EMP0887,Employee_887,Female,52,Operations,Executive,154527,615,3,46,93.3,23,6,On-site,Referral,3,No,0,50+,High (>$120k),Good,High (>15 days)
EMP0888,Employee_888,Male,36,Operations,Manager,156972,18714,3,95,78.9,5,13,Remote,LinkedIn,4,Yes,1,30-39,High (>$120k),Needs Attention,Low (<5 days)
EMP0889,Employee_889,Male,30,Operations,Manager,45313,18138,2,17,96.4,2,27,Hybrid,Agency,3,No,0,30-39,Low (<$70k),Excellent,Low (<5 days)
EMP0890,Employee_890,Male,44,IT,Executive,53598,463,4,90,87.9,5,1,Hybrid,Referral,1,No,0,40-49,Low (<$70k),Good,Low (<5 days)
EMP0891,Employee_891,Female,40,Operations,Executive,151362,9158,3,61,77.6,15,7,Remote,Referral,5,No,0,40-49,High (>$120k),Needs Attention,Medium (5-15 days)
EMP0892,Employee_892,Female,30,HR,Specialist,155445,3158,3,42,92.4,1,12,Hybrid,Agency,5,No,0,30-39,High (>$120k),Good,Low (<5 days)
EMP0893,Employee_893,Female,56,HR,Executive,68807,13434,3,90,88,27,20,On-site,Agency,3,Yes,1,50+,Low (<$70k),Good,High (>15 days)
EMP0894,Employee_894,Male,42,IT,Director,110423,4938,3,51,82.5,6,27,On-site,Referral,4,No,0,40-49,Medium ($70k-$120k),Needs Attention,Medium (5-15 days)
EMP0895,Employee_895,Female,30,IT,Manager,109390,5417,2,85,85.6,29,34,Remote,Website,1,No,0,30-39,Medium ($70k-$120k),Good,High (>15 days)
EMP0896,Employee_896,Male,49,Operations,Executive,85226,8881,3,36,82.5,10,22,Remote,Referral,2,No,0,40-49,Medium ($70k-$120k),Needs Attention,Medium (5-15 days)
EMP0897,Employee_897,Male,28,Finance,Director,99550,5603,4,17,81.6,25,14,On-site,Website,5,Yes,1,<30 (Gen Z/Young Millennial),Medium ($70k-$120k),Needs Attention,High (>15 days)
EMP0898,Employee_898,Female,37,IT,Director,120072,2212,1,32,79.1,29,1,Hybrid,Website,3,No,0,30-39,High (>$120k),Needs Attention,High (>15 days)
EMP0899,Employee_899,Male,37,Sales,Director,43558,16766,1,73,84.1,6,11,Remote,Website,4,No,0,30-39,Low (<$70k),Needs Attention,Medium (5-15 days)
EMP0900,Employee_900,Male,54,HR,Director,115308,18640,3,29,81.3,3,35,Remote,Agency,4,No,0,50+,Medium ($70k-$120k),Needs Attention,Low (<5 days)
EMP0901,Employee_901,Male,25,Sales,Specialist,90113,11695,4,25,92.1,28,2,Hybrid,Referral,1,No,0,<30 (Gen Z/Young Millennial),Medium ($70k-$120k),Good,High (>15 days)
EMP0902,Employee_902,Male,25,HR,Director,92999,17796,3,26,92.1,23,4,Remote,Referral,5,No,0,<30 (Gen Z/Young Millennial),Medium ($70k-$120k),Good,High (>15 days)
EMP0903,Employee_903,Male,38,HR,Specialist,95878,9775,3,89,87.5,19,2,Hybrid,LinkedIn,1,No,0,30-39,Medium ($70k-$120k),Good,High (>15 days)
EMP0904,Employee_904,Female,58,IT,Specialist,76343,14559,3,28,94.4,6,18,Hybrid,Agency,2,No,0,50+,Medium ($70k-$120k),Good,Medium (5-15 days)
EMP0905,Employee_905,Male,50,IT,Director,98219,6146,3,17,96,3,1,Hybrid,LinkedIn,2,Yes,1,50+,Medium ($70k-$120k),Excellent,Low (<5 days)
EMP0906,Employee_906,Female,57,Sales,Manager,75186,371,1,47,89.5,28,36,Hybrid,LinkedIn,2,Yes,1,50+,Medium ($70k-$120k),Good,High (>15 days)
EMP0907,Employee_907,Female,59,HR,Director,76966,5565,3,47,90.5,11,16,Hybrid,Website,4,No,0,50+,Medium ($70k-$120k),Good,Medium (5-15 days)
EMP0908,Employee_908,Male,58,Sales,Director,73769,8802,3,62,82.1,4,13,On-site,Agency,5,No,0,50+,Medium ($70k-$120k),Needs Attention,Low (<5 days)
EMP0909,Employee_909,Male,56,Finance,Director,159932,8307,3,99,97.4,22,27,Hybrid,LinkedIn,1,No,0,50+,High (>$120k),Excellent,High (>15 days)
EMP0910,Employee_910,Male,28,Sales,Manager,145423,7437,3,40,75.6,28,26,On-site,Referral,1,No,0,<30 (Gen Z/Young Millennial),High (>$120k),Needs Attention,High (>15 days)
EMP0911,Employee_911,Female,48,Operations,Analyst,93218,446,3,53,83.7,29,9,Hybrid,LinkedIn,2,No,0,40-49,Medium ($70k-$120k),Needs Attention,High (>15 days)
EMP0912,Employee_912,Male,49,Sales,Analyst,59229,1391,3,69,93,29,2,Remote,Agency,5,No,0,40-49,Low (<$70k),Good,High (>15 days)
EMP0913,Employee_913,Female,43,Operations,Specialist,115209,11516,3,85,77,28,35,On-site,Referral,5,No,0,40-49,Medium ($70k-$120k),Needs Attention,High (>15 days)
EMP0914,Employee_914,Male,35,Operations,Specialist,67877,17724,2,26,79.6,25,37,Remote,Referral,3,No,0,30-39,Low (<$70k),Needs Attention,High (>15 days)
EMP0915,Employee_915,Female,28,Operations,Manager,98001,15454,2,88,89.7,18,24,Hybrid,Referral,5,No,0,<30 (Gen Z/Young Millennial),Medium ($70k-$120k),Good,High (>15 days)
EMP0916,Employee_916,Male,58,Finance,Executive,137137,19323,3,82,89,25,21,Hybrid,Website,5,No,0,50+,High (>$120k),Good,High (>15 days)
EMP0917,Employee_917,Male,43,Sales,Analyst,78084,11891,4,48,93.5,4,38,Remote,Referral,1,No,0,40-49,Medium ($70k-$120k),Good,Low (<5 days)
EMP0918,Employee_918,Female,26,Sales,Specialist,121780,14998,5,51,95.3,26,29,Hybrid,Website,5,No,0,<30 (Gen Z/Young Millennial),High (>$120k),Excellent,High (>15 days)
EMP0919,Employee_919,Female,23,Finance,Analyst,132892,5969,3,57,78.2,29,20,Remote,Website,5,No,0,<30 (Gen Z/Young Millennial),High (>$120k),Needs Attention,High (>15 days)
EMP0920,Employee_920,Male,48,HR,Manager,56806,9265,3,21,75.5,18,29,Hybrid,LinkedIn,1,No,0,40-49,Low (<$70k),Needs Attention,High (>15 days)
EMP0921,Employee_921,Female,42,IT,Manager,128635,15861,2,98,92.2,20,27,Hybrid,LinkedIn,5,No,0,40-49,High (>$120k),Good,High (>15 days)
EMP0922,Employee_922,Male,59,Sales,Executive,150177,19953,4,27,82.5,29,30,On-site,Referral,1,Yes,1,50+,High (>$120k),Needs Attention,High (>15 days)
EMP0923,Employee_923,Female,36,IT,Executive,77034,5454,3,88,90.6,2,25,Remote,Agency,3,Yes,1,30-39,Medium ($70k-$120k),Good,Low (<5 days)
EMP0924,Employee_924,Female,42,Finance,Manager,80317,3150,3,15,78.8,26,21,Hybrid,Referral,4,Yes,1,40-49,Medium ($70k-$120k),Needs Attention,High (>15 days)
EMP0925,Employee_925,Male,31,HR,Specialist,95468,15386,4,52,86.7,25,20,Remote,LinkedIn,1,No,0,30-39,Medium ($70k-$120k),Good,High (>15 days)
EMP0926,Employee_926,Male,44,HR,Analyst,59094,6414,3,44,87.6,10,0,On-site,Referral,1,Yes,1,40-49,Low (<$70k),Good,Medium (5-15 days)
EMP0927,Employee_927,Male,26,HR,Director,97796,4657,4,63,89.6,6,36,Remote,LinkedIn,5,No,0,<30 (Gen Z/Young Millennial),Medium ($70k-$120k),Good,Medium (5-15 days)
EMP0928,Employee_928,Female,22,Finance,Executive,50589,10486,2,71,87.8,28,12,On-site,Referral,1,No,0,<30 (Gen Z/Young Millennial),Low (<$70k),Good,High (>15 days)
EMP0929,Employee_929,Female,34,Operations,Director,97221,14894,3,78,87.4,16,20,Remote,Agency,2,No,0,30-39,Medium ($70k-$120k),Good,High (>15 days)
EMP0930,Employee_930,Male,42,Operations,Specialist,41657,5480,4,91,83.3,24,8,Remote,Referral,2,No,0,40-49,Low (<$70k),Needs Attention,High (>15 days)
EMP0931,Employee_931,Male,47,IT,Executive,138300,8033,3,25,76.8,8,16,On-site,Agency,3,No,0,40-49,High (>$120k),Needs Attention,Medium (5-15 days)
EMP0932,Employee_932,Female,42,Operations,Director,157229,983,3,17,77.2,20,20,Hybrid,Agency,1,No,0,40-49,High (>$120k),Needs Attention,High (>15 days)
EMP0933,Employee_933,Non-Binary,39,Operations,Specialist,79531,8543,3,98,85.8,8,30,Hybrid,Referral,5,No,0,30-39,Medium ($70k-$120k),Good,Medium (5-15 days)
EMP0934,Employee_934,Female,58,HR,Analyst,92227,9916,5,99,83.9,9,38,Hybrid,Agency,5,No,0,50+,Medium ($70k-$120k),Needs Attention,Medium (5-15 days)
EMP0935,Employee_935,Male,53,HR,Specialist,43164,10143,1,95,87.9,12,21,Remote,Agency,4,No,0,50+,Low (<$70k),Good,Medium (5-15 days)
EMP0936,Employee_936,Male,57,IT,Executive,133078,15581,3,40,82.6,14,11,Remote,LinkedIn,3,No,0,50+,High (>$120k),Needs Attention,Medium (5-15 days)
EMP0937,Employee_937,Male,38,Sales,Manager,123973,1907,3,19,92.2,21,5,Hybrid,LinkedIn,5,No,0,30-39,High (>$120k),Good,High (>15 days)
EMP0938,Employee_938,Female,56,IT,Analyst,81247,9216,3,65,96.6,4,15,Remote,Agency,4,Yes,1,50+,Medium ($70k-$120k),Excellent,Low (<5 days)
EMP0939,Employee_939,Male,32,IT,Director,144041,8737,3,85,82.5,28,25,Remote,Website,5,No,0,30-39,High (>$120k),Needs Attention,High (>15 days)
EMP0940,Employee_940,Female,42,Finance,Executive,59601,13757,3,79,79.8,2,4,Hybrid,Referral,4,No,0,40-49,Low (<$70k),Needs Attention,Low (<5 days)
EMP0941,Employee_941,Male,47,Finance,Manager,133966,4174,3,29,77.9,26,8,On-site,Agency,2,No,0,40-49,High (>$120k),Needs Attention,High (>15 days)
EMP0942,Employee_942,Female,25,IT,Specialist,90599,15708,4,14,90.4,26,39,Remote,Referral,2,No,0,<30 (Gen Z/Young Millennial),Medium ($70k-$120k),Good,High (>15 days)
EMP0943,Employee_943,Female,55,IT,Manager,111545,9297,3,32,86.1,7,13,Remote,LinkedIn,5,No,0,50+,Medium ($70k-$120k),Good,Medium (5-15 days)
EMP0944,Employee_944,Female,39,IT,Executive,155295,1990,2,18,79.7,19,29,Remote,Referral,3,Yes,1,30-39,High (>$120k),Needs Attention,High (>15 days)
EMP0945,Employee_945,Male,56,Operations,Executive,44552,5596,4,67,91.3,9,25,Remote,Agency,1,Yes,1,50+,Low (<$70k),Good,Medium (5-15 days)
EMP0946,Employee_946,Male,50,Finance,Manager,156452,16374,3,68,78.7,12,28,On-site,Agency,3,Yes,1,50+,High (>$120k),Needs Attention,Medium (5-15 days)
EMP0947,Employee_947,Male,50,IT,Specialist,49417,3775,4,89,88.9,28,18,Hybrid,Agency,3,Yes,1,50+,Low (<$70k),Good,High (>15 days)
EMP0948,Employee_948,Female,59,HR,Manager,98579,18445,2,63,88.2,2,7,Remote,Agency,1,Yes,1,50+,Medium ($70k-$120k),Good,Low (<5 days)
EMP0949,Employee_949,Female,42,HR,Executive,147525,15706,3,55,93.4,28,22,Hybrid,Website,2,No,0,40-49,High (>$120k),Good,High (>15 days)
EMP0950,Employee_950,Female,34,Operations,Executive,108207,14645,3,31,76.4,21,34,Remote,Website,2,No,0,30-39,Medium ($70k-$120k),Needs Attention,High (>15 days)
EMP0951,Employee_951,Female,38,Operations,Director,112055,13668,3,73,97.2,7,30,On-site,Website,1,No,0,30-39,Medium ($70k-$120k),Excellent,Medium (5-15 days)
EMP0952,Employee_952,Female,30,Sales,Director,142266,15960,3,17,92.6,28,34,Hybrid,Agency,4,No,0,30-39,High (>$120k),Good,High (>15 days)
EMP0953,Employee_953,Male,22,Sales,Analyst,118270,11357,3,29,80.4,8,31,On-site,Website,3,Yes,1,<30 (Gen Z/Young Millennial),Medium ($70k-$120k),Needs Attention,Medium (5-15 days)
EMP0954,Employee_954,Female,23,Sales,Executive,151426,4435,4,60,79.6,29,4,Remote,Referral,5,No,0,<30 (Gen Z/Young Millennial),High (>$120k),Needs Attention,High (>15 days)
EMP0955,Employee_955,Male,50,Operations,Director,157865,19028,3,87,85.8,21,15,On-site,Agency,2,No,0,50+,High (>$120k),Good,High (>15 days)
EMP0956,Employee_956,Male,54,Operations,Manager,43722,15804,3,48,95.4,20,16,On-site,LinkedIn,5,No,0,50+,Low (<$70k),Excellent,High (>15 days)
EMP0957,Employee_957,Male,31,Operations,Specialist,110442,17429,3,46,96.1,11,31,Remote,Agency,1,No,0,30-39,Medium ($70k-$120k),Excellent,Medium (5-15 days)
EMP0958,Employee_958,Male,42,HR,Manager,135632,14626,5,59,88,10,37,Remote,Referral,5,No,0,40-49,High (>$120k),Good,Medium (5-15 days)
EMP0959,Employee_959,Male,49,Operations,Specialist,80031,7951,3,43,96.5,1,31,Hybrid,Website,5,No,0,40-49,Medium ($70k-$120k),Excellent,Low (<5 days)
EMP0960,Employee_960,Female,32,HR,Director,119235,6449,3,84,75.1,17,19,Remote,Agency,3,No,0,30-39,Medium ($70k-$120k),Needs Attention,High (>15 days)
EMP0961,Employee_961,Male,55,Sales,Analyst,61438,19065,3,42,75.9,8,1,Hybrid,Website,1,No,0,50+,Low (<$70k),Needs Attention,Medium (5-15 days)
EMP0962,Employee_962,Female,29,Sales,Manager,98819,3199,3,40,97.8,1,19,On-site,Agency,5,No,0,<30 (Gen Z/Young Millennial),Medium ($70k-$120k),Excellent,Low (<5 days)
EMP0963,Employee_963,Male,43,Sales,Manager,83856,6768,3,63,94.4,1,17,On-site,Referral,2,No,0,40-49,Medium ($70k-$120k),Good,Low (<5 days)
EMP0964,Employee_964,Male,29,IT,Manager,73576,9130,4,53,86.3,2,0,Hybrid,Agency,1,No,0,<30 (Gen Z/Young Millennial),Medium ($70k-$120k),Good,Low (<5 days)
EMP0965,Employee_965,Male,36,IT,Specialist,81938,8633,3,43,93.8,15,28,Remote,Website,2,No,0,30-39,Medium ($70k-$120k),Good,Medium (5-15 days)
EMP0966,Employee_966,Male,38,Finance,Director,89028,18934,4,80,98.9,18,28,Remote,Website,4,No,0,30-39,Medium ($70k-$120k),Excellent,High (>15 days)
EMP0967,Employee_967,Female,44,Finance,Manager,99807,4225,2,71,94.3,3,18,On-site,Referral,5,No,0,40-49,Medium ($70k-$120k),Good,Low (<5 days)
EMP0968,Employee_968,Male,45,Finance,Manager,89877,16980,3,32,96.1,22,39,Hybrid,Agency,1,Yes,1,40-49,Medium ($70k-$120k),Excellent,High (>15 days)
EMP0969,Employee_969,Female,40,IT,Analyst,137783,6054,4,55,94,24,5,On-site,LinkedIn,2,No,0,40-49,High (>$120k),Good,High (>15 days)
EMP0970,Employee_970,Male,26,IT,Analyst,83461,1505,3,65,79.2,17,38,On-site,Agency,5,No,0,<30 (Gen Z/Young Millennial),Medium ($70k-$120k),Needs Attention,High (>15 days)
EMP0971,Employee_971,Female,53,Finance,Director,133474,9053,5,16,95.8,19,7,Remote,Referral,3,No,0,50+,High (>$120k),Excellent,High (>15 days)
EMP0972,Employee_972,Female,22,Finance,Director,80469,15749,3,98,79.9,24,23,Hybrid,LinkedIn,2,No,0,<30 (Gen Z/Young Millennial),Medium ($70k-$120k),Needs Attention,High (>15 days)
EMP0973,Employee_973,Female,44,Operations,Executive,123136,10832,4,70,97.3,29,19,On-site,Referral,2,No,0,40-49,High (>$120k),Excellent,High (>15 days)
EMP0974,Employee_974,Male,58,Finance,Analyst,60435,16344,3,12,86.5,17,13,Remote,Agency,4,No,0,50+,Low (<$70k),Good,High (>15 days)
EMP0975,Employee_975,Male,29,Operations,Executive,124117,14783,3,47,91.9,9,4,On-site,LinkedIn,3,Yes,1,<30 (Gen Z/Young Millennial),High (>$120k),Good,Medium (5-15 days)
EMP0976,Employee_976,Male,34,HR,Specialist,54191,1551,3,93,87.4,10,39,On-site,Referral,4,No,0,30-39,Low (<$70k),Good,Medium (5-15 days)
EMP0977,Employee_977,Female,29,IT,Executive,124726,15154,3,43,77.3,28,33,Remote,Website,3,Yes,1,<30 (Gen Z/Young Millennial),High (>$120k),Needs Attention,High (>15 days)
EMP0978,Employee_978,Male,44,Finance,Manager,155660,13799,2,53,82.3,16,15,Remote,LinkedIn,2,No,0,40-49,High (>$120k),Needs Attention,High (>15 days)
EMP0979,Employee_979,Male,22,IT,Executive,67386,6852,2,39,99.6,25,6,Hybrid,LinkedIn,4,No,0,<30 (Gen Z/Young Millennial),Low (<$70k),Excellent,High (>15 days)
EMP0980,Employee_980,Female,45,IT,Director,71721,1449,2,26,99,23,15,On-site,Referral,5,No,0,40-49,Medium ($70k-$120k),Excellent,High (>15 days)
EMP0981,Employee_981,Male,56,IT,Specialist,94786,2659,3,68,83,24,6,Hybrid,Website,3,No,0,50+,Medium ($70k-$120k),Needs Attention,High (>15 days)
EMP0982,Employee_982,Female,45,HR,Manager,53704,7509,4,19,99.9,22,26,Remote,LinkedIn,2,Yes,1,40-49,Low (<$70k),Excellent,High (>15 days)
EMP0983,Employee_983,Male,38,Sales,Executive,96635,2721,2,93,96.1,23,13,Remote,Referral,1,No,0,30-39,Medium ($70k-$120k),Excellent,High (>15 days)
EMP0984,Employee_984,Male,26,Finance,Specialist,42123,12444,2,27,90.3,19,13,On-site,LinkedIn,3,Yes,1,<30 (Gen Z/Young Millennial),Low (<$70k),Good,High (>15 days)
EMP0985,Employee_985,Female,41,Sales,Specialist,130710,9637,3,54,76,15,32,Hybrid,LinkedIn,3,Yes,1,40-49,High (>$120k),Needs Attention,Medium (5-15 days)
EMP0986,Employee_986,Male,42,Sales,Manager,149837,10490,3,68,97.5,19,32,Hybrid,LinkedIn,5,Yes,1,40-49,High (>$120k),Excellent,High (>15 days)
EMP0987,Employee_987,Female,52,Sales,Executive,154912,2925,2,71,88.9,12,19,On-site,Website,3,No,0,50+,High (>$120k),Good,Medium (5-15 days)
EMP0988,Employee_988,Male,57,IT,Specialist,102993,9824,3,68,96.7,1,35,On-site,Agency,3,No,0,50+,Medium ($70k-$120k),Excellent,Low (<5 days)
EMP0989,Employee_989,Male,32,Operations,Specialist,152752,6240,4,58,95.9,23,6,Hybrid,Agency,5,No,0,30-39,High (>$120k),Excellent,High (>15 days)
EMP0990,Employee_990,Female,36,IT,Analyst,120122,16896,4,72,95.8,26,31,Remote,Website,5,Yes,1,30-39,High (>$120k),Excellent,High (>15 days)
EMP0991,Employee_991,Female,40,IT,Specialist,137512,215,3,96,92.5,1,2,Remote,Website,4,No,0,40-49,High (>$120k),Good,Low (<5 days)
EMP0992,Employee_992,Female,28,Sales,Analyst,65416,7299,3,41,82.3,24,38,On-site,Referral,2,No,0,<30 (Gen Z/Young Millennial),Low (<$70k),Needs Attention,High (>15 days)
EMP0993,Employee_993,Male,49,IT,Executive,41814,11523,3,19,83.4,13,28,Hybrid,LinkedIn,2,No,0,40-49,Low (<$70k),Needs Attention,Medium (5-15 days)
EMP0994,Employee_994,Female,26,Sales,Executive,118537,10364,3,20,82.7,3,23,Hybrid,Website,4,No,0,<30 (Gen Z/Young Millennial),Medium ($70k-$120k),Needs Attention,Low (<5 days)
EMP0995,Employee_995,Male,26,Operations,Executive,90258,3153,3,79,75.5,16,21,Hybrid,Referral,2,No,0,<30 (Gen Z/Young Millennial),Medium ($70k-$120k),Needs Attention,High (>15 days)
EMP0996,Employee_996,Male,51,Finance,Director,56508,1706,3,71,89.6,12,5,Remote,Agency,3,No,0,50+,Low (<$70k),Good,Medium (5-15 days)
EMP0997,Employee_997,Female,53,Sales,Executive,125166,10298,3,56,92.5,3,23,Remote,Agency,4,No,0,50+,High (>$120k),Good,Low (<5 days)
EMP0998,Employee_998,Male,29,Operations,Specialist,118916,1567,1,43,96.3,2,39,Hybrid,Agency,4,No,0,<30 (Gen Z/Young Millennial),Medium ($70k-$120k),Excellent,Low (<5 days)
EMP0999,Employee_999,Female,31,Finance,Manager,153710,10400,3,26,78.5,11,22,Hybrid,Agency,2,No,0,30-39,High (>$120k),Needs Attention,Medium (5-15 days)
EMP1000,Employee_1000,Male,59,HR,Analyst,75699,10345,4,63,88.6,21,37,On-site,Referral,1,No,0,50+,Medium ($70k-$120k),Good,High (>15 days)
